Filename,Prediction
img_329.jpg,5
img_2818.jpg,5
img_3284.jpg,3
img_473.jpg,9
img_1493.jpg,8
img_315.jpg,0
img_2824.jpg,1
img_5193.jpg,0
img_301.jpg,6
img_2830.jpg,2
img_4299.jpg,7
img_5187.jpg,7
img_1487.jpg,7
img_3290.jpg,2
img_467.jpg,7
img_4514.jpg,8
img_2165.jpg,3
img_10.jpg,3
img_2603.jpg,8
img_4272.jpg,4
img_5178.jpg,0
img_2617.jpg,6
img_3509.jpg,5
img_4266.jpg,0
img_1478.jpg,9
img_4500.jpg,1
img_498.jpg,3
img_2171.jpg,9
img_1450.jpg,0
img_4528.jpg,6
img_3247.jpg,0
img_2159.jpg,0
img_5150.jpg,8
img_3521.jpg,7
img_1336.jpg,1
img_1322.jpg,8
img_5144.jpg,8
img_3535.jpg,7
img_3253.jpg,1
img_38.jpg,5
img_1444.jpg,7
img_3904.jpg,2
img_895.jpg,4
img_1875.jpg,9
img_1861.jpg,3
img_659.jpg,3
img_881.jpg,4
img_4919.jpg,4
img_3910.jpg,1
img_3938.jpg,3
img_117.jpg,1
img_1691.jpg,7
img_1849.jpg,5
img_671.jpg,3
img_3086.jpg,9
img_4931.jpg,0
img_2398.jpg,0
img_665.jpg,4
img_3092.jpg,4
img_4925.jpg,4
img_1685.jpg,3
img_103.jpg,2
img_4070.jpg,0
img_2401.jpg,9
img_1108.jpg,6
img_856.jpg,8
img_2367.jpg,0
img_3079.jpg,0
img_4716.jpg,1
img_842.jpg,9
img_2373.jpg,4
img_4702.jpg,7
img_4064.jpg,0
img_2415.jpg,0
img_1134.jpg,0
img_3723.jpg,1
img_5352.jpg,1
img_3045.jpg,0
img_1652.jpg,7
img_1646.jpg,4
img_3051.jpg,8
img_4058.jpg,2
img_3737.jpg,1
img_2429.jpg,4
img_5346.jpg,0
img_1120.jpg,9
img_3870.jpg,0
img_4879.jpg,4
img_739.jpg,1
img_1901.jpg,0
img_1915.jpg,1
img_3864.jpg,7
img_3694.jpg,4
img_1083.jpg,2
img_4845.jpg,9
img_705.jpg,6
img_4851.jpg,0
img_4689.jpg,3
img_711.jpg,1
img_1929.jpg,4
img_1097.jpg,3
img_3680.jpg,6
img_3858.jpg,4
img_2575.jpg,1
img_4104.jpg,9
img_4662.jpg,1
img_2213.jpg,3
img_922.jpg,3
img_4676.jpg,8
img_3119.jpg,9
img_2207.jpg,2
img_936.jpg,3
img_1068.jpg,0
img_2561.jpg,4
img_4110.jpg,9
img_1040.jpg,0
img_5226.jpg,1
img_2549.jpg,4
img_3657.jpg,9
img_4138.jpg,6
img_3131.jpg,7
img_4886.jpg,4
img_1726.jpg,2
img_1732.jpg,4
img_3125.jpg,5
img_4892.jpg,9
img_5232.jpg,5
img_3643.jpg,9
img_1054.jpg,5
img_2978.jpg,1
img_249.jpg,3
img_507.jpg,3
img_1281.jpg,1
img_2788.jpg,1
img_1.jpg,2
img_2950.jpg,8
img_3496.jpg,1
img_261.jpg,6
img_2944.jpg,7
img_3482.jpg,3
img_275.jpg,9
img_1295.jpg,5
img_513.jpg,8
img_2011.jpg,1
img_4460.jpg,4
img_1518.jpg,7
img_4306.jpg,9
img_3469.jpg,2
img_2777.jpg,2
img_5018.jpg,1
img_4312.jpg,8
img_2763.jpg,1
img_2005.jpg,7
img_4474.jpg,7
img_1524.jpg,1
img_3333.jpg,8
img_2993.jpg,5
img_3455.jpg,1
img_5024.jpg,6
img_1242.jpg,5
img_1256.jpg,5
img_2987.jpg,9
img_3441.jpg,9
img_5030.jpg,1
img_2039.jpg,2
img_3327.jpg,6
img_4448.jpg,7
img_1530.jpg,5
img_5031.jpg,8
img_3440.jpg,7
img_2986.jpg,7
img_1257.jpg,7
img_1531.jpg,4
img_4449.jpg,3
img_3326.jpg,1
img_2038.jpg,3
img_3332.jpg,8
img_1525.jpg,1
img_1243.jpg,7
img_5025.jpg,4
img_3454.jpg,4
img_2992.jpg,1
img_2762.jpg,9
img_4313.jpg,1
img_4475.jpg,2
img_2004.jpg,6
img_1519.jpg,3
img_4461.jpg,1
img_2010.jpg,1
img_5019.jpg,3
img_2776.jpg,7
img_3468.jpg,7
img_4307.jpg,1
img_1294.jpg,6
img_274.jpg,3
img_3483.jpg,5
img_2945.jpg,7
img_512.jpg,6
img_506.jpg,8
img_260.jpg,5
img_3497.jpg,9
img_2951.jpg,9
img_2789.jpg,7
img_1280.jpg,6
img_248.jpg,8
img_2979.jpg,1
img_4893.jpg,1
img_3124.jpg,7
img_1733.jpg,1
img_1055.jpg,9
img_3642.jpg,3
img_5233.jpg,8
img_4139.jpg,3
img_3656.jpg,7
img_2548.jpg,2
img_5227.jpg,5
img_1041.jpg,1
img_1727.jpg,1
img_4887.jpg,9
img_3130.jpg,6
img_937.jpg,7
img_2206.jpg,0
img_3118.jpg,3
img_4677.jpg,4
img_4111.jpg,8
img_2560.jpg,9
img_1069.jpg,5
img_4105.jpg,0
img_2574.jpg,4
img_923.jpg,5
img_2212.jpg,4
img_4663.jpg,9
img_1928.jpg,9
img_710.jpg,5
img_4688.jpg,1
img_4850.jpg,9
img_3859.jpg,2
img_3681.jpg,6
img_1096.jpg,6
img_1082.jpg,0
img_3695.jpg,5
img_704.jpg,0
img_4844.jpg,9
img_1914.jpg,9
img_3865.jpg,4
img_3871.jpg,7
img_1900.jpg,4
img_738.jpg,5
img_4878.jpg,0
img_3050.jpg,2
img_1647.jpg,6
img_1121.jpg,8
img_5347.jpg,2
img_2428.jpg,3
img_3736.jpg,8
img_4059.jpg,7
img_5353.jpg,5
img_3722.jpg,8
img_1135.jpg,3
img_1653.jpg,7
img_3044.jpg,2
img_4703.jpg,3
img_2372.jpg,2
img_843.jpg,0
img_2414.jpg,9
img_4065.jpg,3
img_1109.jpg,4
img_2400.jpg,9
img_4071.jpg,7
img_4717.jpg,7
img_3078.jpg,8
img_2366.jpg,8
img_857.jpg,1
img_1684.jpg,3
img_4924.jpg,0
img_3093.jpg,5
img_664.jpg,0
img_102.jpg,9
img_116.jpg,7
img_3939.jpg,0
img_2399.jpg,3
img_4930.jpg,5
img_3087.jpg,2
img_670.jpg,6
img_1848.jpg,1
img_1690.jpg,7
img_4918.jpg,7
img_880.jpg,1
img_658.jpg,3
img_1860.jpg,7
img_3911.jpg,0
img_3905.jpg,9
img_1874.jpg,6
img_894.jpg,0
img_3534.jpg,5
img_5145.jpg,1
img_1323.jpg,5
img_1445.jpg,4
img_39.jpg,1
img_3252.jpg,9
img_2158.jpg,2
img_3246.jpg,3
img_4529.jpg,8
img_1451.jpg,8
img_1337.jpg,4
img_3520.jpg,1
img_5151.jpg,4
img_4267.jpg,1
img_3508.jpg,9
img_2616.jpg,7
img_5179.jpg,2
img_2170.jpg,5
img_499.jpg,2
img_4501.jpg,3
img_1479.jpg,4
img_11.jpg,5
img_2164.jpg,7
img_4515.jpg,7
img_4273.jpg,8
img_2602.jpg,9
img_5186.jpg,0
img_4298.jpg,8
img_2831.jpg,9
img_300.jpg,3
img_466.jpg,1
img_3291.jpg,4
img_1486.jpg,0
img_1492.jpg,3
img_472.jpg,4
img_3285.jpg,7
img_5192.jpg,7
img_2825.jpg,2
img_314.jpg,0
img_2819.jpg,1
img_328.jpg,1
img_458.jpg,3
img_1484.jpg,4
img_464.jpg,0
img_3293.jpg,2
img_302.jpg,9
img_2833.jpg,7
img_5184.jpg,7
img_316.jpg,3
img_2827.jpg,6
img_5190.jpg,5
img_2199.jpg,5
img_470.jpg,1
img_3287.jpg,0
img_1490.jpg,6
img_4503.jpg,0
img_2172.jpg,5
img_2614.jpg,6
img_4265.jpg,7
img_1309.jpg,0
img_2600.jpg,0
img_4271.jpg,5
img_4517.jpg,6
img_3278.jpg,9
img_2166.jpg,3
img_13.jpg,4
img_3250.jpg,1
img_1447.jpg,0
img_1321.jpg,9
img_5147.jpg,2
img_2628.jpg,9
img_3536.jpg,4
img_4259.jpg,7
img_5153.jpg,9
img_3522.jpg,9
img_1335.jpg,9
img_1453.jpg,7
img_3244.jpg,5
img_3913.jpg,5
img_1862.jpg,1
img_882.jpg,9
img_896.jpg,2
img_1876.jpg,0
img_3907.jpg,2
img_128.jpg,7
img_4098.jpg,0
img_100.jpg,4
img_3091.jpg,7
img_666.jpg,8
img_4926.jpg,2
img_1686.jpg,6
img_1692.jpg,5
img_3085.jpg,3
img_672.jpg,9
img_4932.jpg,4
img_114.jpg,7
img_4067.jpg,0
img_3708.jpg,0
img_2416.jpg,9
img_5379.jpg,4
img_841.jpg,1
img_2370.jpg,9
img_699.jpg,8
img_4701.jpg,5
img_1679.jpg,1
img_855.jpg,2
img_2364.jpg,7
img_4715.jpg,3
img_4073.jpg,7
img_2402.jpg,8
img_3734.jpg,5
img_5345.jpg,9
img_1123.jpg,4
img_1645.jpg,1
img_3052.jpg,6
img_869.jpg,2
img_2358.jpg,2
img_3046.jpg,6
img_4729.jpg,0
img_1889.jpg,4
img_1651.jpg,1
img_1137.jpg,8
img_3720.jpg,3
img_5351.jpg,6
img_3867.jpg,4
img_1916.jpg,7
img_1902.jpg,0
img_3873.jpg,2
img_1094.jpg,1
img_3683.jpg,0
img_4852.jpg,8
img_712.jpg,8
img_4846.jpg,1
img_706.jpg,0
img_3697.jpg,2
img_2589.jpg,6
img_1080.jpg,9
img_2562.jpg,5
img_4113.jpg,2
img_4675.jpg,8
img_2204.jpg,2
img_935.jpg,5
img_1719.jpg,3
img_4661.jpg,8
img_2210.jpg,8
img_921.jpg,7
img_5219.jpg,3
img_2576.jpg,0
img_3668.jpg,6
img_4107.jpg,5
img_3898.jpg,6
img_5231.jpg,1
img_3640.jpg,1
img_1057.jpg,1
img_1731.jpg,3
img_4649.jpg,2
img_3126.jpg,8
img_2238.jpg,4
img_4891.jpg,1
img_909.jpg,2
img_3132.jpg,5
img_4885.jpg,2
img_1725.jpg,4
img_1043.jpg,1
img_5225.jpg,5
img_3654.jpg,8
img_538.jpg,5
img_510.jpg,2
img_4488.jpg,4
img_2947.jpg,9
img_276.jpg,5
img_3481.jpg,9
img_1296.jpg,9
img_1282.jpg,4
img_2.jpg,0
img_2953.jpg,7
img_262.jpg,3
img_3495.jpg,6
img_504.jpg,4
img_2006.jpg,2
img_3318.jpg,6
img_4477.jpg,1
img_4311.jpg,1
img_289.jpg,9
img_2760.jpg,8
img_1269.jpg,8
img_4305.jpg,6
img_2774.jpg,5
img_2012.jpg,4
img_4463.jpg,7
img_3324.jpg,0
img_1533.jpg,8
img_1255.jpg,5
img_2984.jpg,7
img_3442.jpg,7
img_5033.jpg,8
img_4339.jpg,1
img_2990.jpg,2
img_3456.jpg,2
img_2748.jpg,4
img_5027.jpg,0
img_1241.jpg,9
img_1527.jpg,8
img_3330.jpg,3
img_1240.jpg,9
img_5026.jpg,0
img_2749.jpg,0
img_3457.jpg,8
img_2991.jpg,3
img_4338.jpg,6
img_3331.jpg,7
img_1526.jpg,5
img_1532.jpg,1
img_3325.jpg,8
img_5032.jpg,3
img_3443.jpg,1
img_2985.jpg,0
img_1254.jpg,4
img_2775.jpg,0
img_4304.jpg,3
img_4462.jpg,7
img_2013.jpg,1
img_4476.jpg,5
img_3319.jpg,4
img_2007.jpg,5
img_1268.jpg,9
img_2761.jpg,9
img_288.jpg,1
img_4310.jpg,0
img_3494.jpg,6
img_263.jpg,3
img_2952.jpg,5
img_3.jpg,9
img_1283.jpg,7
img_505.jpg,1
img_4489.jpg,9
img_511.jpg,7
img_1297.jpg,8
img_3480.jpg,9
img_277.jpg,1
img_2946.jpg,8
img_539.jpg,7
img_1724.jpg,2
img_4884.jpg,2
img_3133.jpg,1
img_3655.jpg,5
img_5224.jpg,8
img_1042.jpg,6
img_1056.jpg,1
img_3641.jpg,3
img_5230.jpg,5
img_3899.jpg,2
img_908.jpg,3
img_4890.jpg,2
img_2239.jpg,8
img_3127.jpg,1
img_4648.jpg,6
img_1730.jpg,9
img_920.jpg,5
img_2211.jpg,0
img_4660.jpg,1
img_1718.jpg,0
img_4106.jpg,3
img_3669.jpg,8
img_2577.jpg,3
img_5218.jpg,6
img_4112.jpg,2
img_2563.jpg,7
img_934.jpg,4
img_2205.jpg,4
img_4674.jpg,2
img_707.jpg,4
img_4847.jpg,8
img_1081.jpg,3
img_2588.jpg,4
img_3696.jpg,6
img_3682.jpg,8
img_1095.jpg,7
img_713.jpg,1
img_4853.jpg,2
img_1903.jpg,0
img_3872.jpg,1
img_3866.jpg,9
img_1917.jpg,9
img_1650.jpg,0
img_1888.jpg,1
img_4728.jpg,5
img_3047.jpg,0
img_2359.jpg,8
img_868.jpg,9
img_5350.jpg,7
img_3721.jpg,0
img_1136.jpg,6
img_1122.jpg,5
img_5344.jpg,8
img_3735.jpg,1
img_3053.jpg,4
img_1644.jpg,7
img_4714.jpg,3
img_2365.jpg,1
img_854.jpg,7
img_2403.jpg,5
img_4072.jpg,1
img_5378.jpg,2
img_2417.jpg,8
img_3709.jpg,6
img_4066.jpg,0
img_1678.jpg,0
img_4700.jpg,5
img_698.jpg,9
img_2371.jpg,4
img_840.jpg,1
img_4933.jpg,9
img_673.jpg,4
img_3084.jpg,9
img_1693.jpg,6
img_115.jpg,1
img_101.jpg,0
img_4099.jpg,3
img_1687.jpg,9
img_4927.jpg,2
img_667.jpg,1
img_3090.jpg,3
img_1877.jpg,2
img_897.jpg,9
img_129.jpg,8
img_3906.jpg,2
img_3912.jpg,2
img_883.jpg,1
img_1863.jpg,6
img_1334.jpg,1
img_3523.jpg,2
img_5152.jpg,6
img_3245.jpg,1
img_1452.jpg,8
img_1446.jpg,8
img_3251.jpg,7
img_4258.jpg,1
img_3537.jpg,6
img_2629.jpg,6
img_5146.jpg,4
img_1320.jpg,5
img_4270.jpg,2
img_2601.jpg,2
img_1308.jpg,8
img_12.jpg,7
img_2167.jpg,6
img_3279.jpg,0
img_4516.jpg,0
img_2173.jpg,2
img_4502.jpg,9
img_4264.jpg,5
img_2615.jpg,8
img_5191.jpg,6
img_2826.jpg,4
img_317.jpg,8
img_1491.jpg,7
img_3286.jpg,8
img_471.jpg,1
img_2198.jpg,9
img_3292.jpg,8
img_465.jpg,5
img_1485.jpg,4
img_5185.jpg,7
img_2832.jpg,2
img_303.jpg,8
img_459.jpg,5
img_2836.jpg,4
img_307.jpg,7
img_5181.jpg,3
img_1481.jpg,8
img_2188.jpg,1
img_461.jpg,6
img_3296.jpg,2
img_475.jpg,6
img_3282.jpg,0
img_1495.jpg,5
img_2822.jpg,7
img_313.jpg,9
img_5195.jpg,3
img_449.jpg,3
img_1324.jpg,1
img_5142.jpg,0
img_3533.jpg,9
img_3255.jpg,7
img_1442.jpg,3
img_1456.jpg,0
img_3241.jpg,2
img_2639.jpg,2
img_5156.jpg,8
img_4248.jpg,0
img_3527.jpg,2
img_1330.jpg,1
img_2611.jpg,7
img_4260.jpg,4
img_1318.jpg,4
img_3269.jpg,2
img_4506.jpg,3
img_2177.jpg,0
img_4512.jpg,4
img_16.jpg,3
img_2163.jpg,5
img_2605.jpg,9
img_4274.jpg,9
img_3094.jpg,8
img_663.jpg,4
img_4923.jpg,7
img_1683.jpg,6
img_5383.jpg,0
img_105.jpg,7
img_111.jpg,0
img_4089.jpg,9
img_1697.jpg,4
img_3080.jpg,5
img_677.jpg,7
img_4937.jpg,4
img_1867.jpg,1
img_887.jpg,1
img_3916.jpg,0
img_139.jpg,3
img_3902.jpg,7
img_893.jpg,6
img_1873.jpg,2
img_1898.jpg,3
img_1640.jpg,8
img_2349.jpg,6
img_878.jpg,1
img_4738.jpg,6
img_3057.jpg,4
img_3731.jpg,6
img_5340.jpg,6
img_1126.jpg,3
img_1132.jpg,8
img_3725.jpg,9
img_5354.jpg,2
img_3043.jpg,6
img_1654.jpg,8
img_2375.jpg,1
img_844.jpg,8
img_4704.jpg,2
img_4062.jpg,7
img_2413.jpg,1
img_3719.jpg,9
img_4076.jpg,6
img_5368.jpg,0
img_2407.jpg,1
img_1668.jpg,6
img_2361.jpg,0
img_850.jpg,5
img_4710.jpg,5
img_688.jpg,6
img_4857.jpg,6
img_717.jpg,2
img_1091.jpg,3
img_3686.jpg,7
img_2598.jpg,2
img_3692.jpg,6
img_1085.jpg,7
img_4843.jpg,9
img_703.jpg,5
img_1913.jpg,0
img_3862.jpg,8
img_3876.jpg,2
img_1907.jpg,8
img_1734.jpg,9
img_3123.jpg,6
img_4894.jpg,6
img_5234.jpg,3
img_3645.jpg,3
img_1052.jpg,6
img_1046.jpg,2
img_3889.jpg,7
img_5220.jpg,6
img_3651.jpg,9
img_3137.jpg,3
img_4658.jpg,2
img_918.jpg,6
img_2229.jpg,1
img_4880.jpg,5
img_1720.jpg,1
img_4670.jpg,6
img_930.jpg,3
img_2201.jpg,1
img_1708.jpg,8
img_2567.jpg,0
img_5208.jpg,1
img_4116.jpg,1
img_3679.jpg,1
img_2573.jpg,6
img_4102.jpg,6
img_4664.jpg,2
img_924.jpg,9
img_2215.jpg,2
img_273.jpg,6
img_3484.jpg,0
img_2942.jpg,9
img_1293.jpg,4
img_515.jpg,5
img_4499.jpg,8
img_501.jpg,6
img_1287.jpg,0
img_7.jpg,0
img_267.jpg,6
img_3490.jpg,1
img_2956.jpg,0
img_529.jpg,1
img_1250.jpg,5
img_3447.jpg,0
img_4328.jpg,9
img_2981.jpg,5
img_5036.jpg,5
img_2759.jpg,2
img_3321.jpg,5
img_1536.jpg,7
img_1522.jpg,9
img_3335.jpg,3
img_3453.jpg,0
img_2995.jpg,1
img_5022.jpg,9
img_1244.jpg,8
img_4314.jpg,6
img_2765.jpg,8
img_2003.jpg,1
img_4472.jpg,0
img_2017.jpg,0
img_4466.jpg,3
img_3309.jpg,8
img_1278.jpg,2
img_298.jpg,0
img_4300.jpg,4
img_2771.jpg,0
img_3308.jpg,9
img_4467.jpg,5
img_2016.jpg,7
img_2770.jpg,1
img_4301.jpg,9
img_299.jpg,3
img_1279.jpg,7
img_2764.jpg,1
img_4315.jpg,9
img_4473.jpg,8
img_2002.jpg,6
img_3334.jpg,4
img_1523.jpg,9
img_1245.jpg,2
img_5023.jpg,2
img_2994.jpg,7
img_3452.jpg,3
img_2758.jpg,0
img_5037.jpg,8
img_2980.jpg,4
img_4329.jpg,2
img_3446.jpg,0
img_1251.jpg,6
img_1537.jpg,0
img_3320.jpg,7
img_528.jpg,1
img_500.jpg,0
img_4498.jpg,6
img_2957.jpg,7
img_3491.jpg,5
img_266.jpg,0
img_6.jpg,7
img_1286.jpg,1
img_1292.jpg,8
img_2943.jpg,7
img_3485.jpg,3
img_272.jpg,0
img_514.jpg,7
img_4103.jpg,6
img_2572.jpg,8
img_2214.jpg,1
img_925.jpg,4
img_4665.jpg,1
img_1709.jpg,0
img_2200.jpg,5
img_931.jpg,3
img_4671.jpg,5
img_3678.jpg,9
img_4117.jpg,7
img_5209.jpg,0
img_2566.jpg,6
img_3650.jpg,6
img_5221.jpg,6
img_3888.jpg,9
img_1047.jpg,7
img_1721.jpg,3
img_4881.jpg,3
img_2228.jpg,2
img_919.jpg,1
img_4659.jpg,9
img_3136.jpg,9
img_4895.jpg,1
img_3122.jpg,9
img_1735.jpg,4
img_1053.jpg,3
img_3644.jpg,3
img_5235.jpg,5
img_3877.jpg,4
img_1906.jpg,9
img_1912.jpg,5
img_3863.jpg,4
img_1084.jpg,3
img_3693.jpg,5
img_702.jpg,0
img_4842.jpg,8
img_716.jpg,6
img_4856.jpg,8
img_2599.jpg,4
img_3687.jpg,7
img_1090.jpg,1
img_2406.jpg,0
img_5369.jpg,9
img_4077.jpg,7
img_3718.jpg,2
img_689.jpg,9
img_4711.jpg,0
img_851.jpg,8
img_2360.jpg,8
img_1669.jpg,5
img_4705.jpg,0
img_845.jpg,4
img_2374.jpg,2
img_2412.jpg,0
img_4063.jpg,0
img_5355.jpg,7
img_3724.jpg,3
img_1133.jpg,8
img_1655.jpg,8
img_3042.jpg,6
img_3056.jpg,0
img_4739.jpg,3
img_879.jpg,0
img_2348.jpg,6
img_1641.jpg,3
img_1899.jpg,8
img_1127.jpg,8
img_5341.jpg,1
img_3730.jpg,3
img_3903.jpg,3
img_1872.jpg,2
img_892.jpg,7
img_886.jpg,7
img_1866.jpg,3
img_138.jpg,1
img_3917.jpg,4
img_4088.jpg,4
img_110.jpg,8
img_4936.jpg,2
img_676.jpg,7
img_3081.jpg,9
img_1696.jpg,7
img_1682.jpg,5
img_4922.jpg,7
img_662.jpg,3
img_3095.jpg,5
img_104.jpg,0
img_5382.jpg,8
img_2162.jpg,1
img_17.jpg,3
img_4513.jpg,0
img_4275.jpg,1
img_2604.jpg,3
img_1319.jpg,7
img_4261.jpg,7
img_2610.jpg,7
img_2176.jpg,4
img_4507.jpg,2
img_3268.jpg,5
img_3240.jpg,8
img_1457.jpg,8
img_1331.jpg,3
img_3526.jpg,8
img_4249.jpg,9
img_5157.jpg,3
img_2638.jpg,3
img_3532.jpg,7
img_5143.jpg,0
img_1325.jpg,8
img_1443.jpg,2
img_3254.jpg,8
img_448.jpg,5
img_1494.jpg,9
img_3283.jpg,4
img_474.jpg,5
img_5194.jpg,4
img_312.jpg,5
img_2823.jpg,0
img_5180.jpg,1
img_306.jpg,3
img_2837.jpg,5
img_3297.jpg,5
img_460.jpg,6
img_2189.jpg,7
img_1480.jpg,8
img_2821.jpg,4
img_4288.jpg,7
img_310.jpg,5
img_5196.jpg,0
img_3281.jpg,4
img_476.jpg,0
img_1496.jpg,0
img_1482.jpg,7
img_3295.jpg,5
img_462.jpg,7
img_2835.jpg,6
img_304.jpg,2
img_5182.jpg,8
img_2809.jpg,6
img_338.jpg,0
img_5155.jpg,1
img_3524.jpg,8
img_1333.jpg,3
img_1455.jpg,9
img_3242.jpg,7
img_29.jpg,4
img_3256.jpg,1
img_4539.jpg,3
img_2148.jpg,1
img_1441.jpg,6
img_1327.jpg,3
img_5141.jpg,9
img_3530.jpg,9
img_2606.jpg,9
img_5169.jpg,2
img_4277.jpg,2
img_3518.jpg,2
img_489.jpg,3
img_4511.jpg,1
img_15.jpg,4
img_2160.jpg,8
img_1469.jpg,3
img_4505.jpg,5
img_2174.jpg,0
img_2612.jpg,5
img_4263.jpg,7
img_1694.jpg,5
img_674.jpg,3
img_3083.jpg,9
img_4934.jpg,8
img_112.jpg,0
img_5380.jpg,1
img_3929.jpg,8
img_106.jpg,3
img_660.jpg,7
img_3097.jpg,6
img_4920.jpg,5
img_2389.jpg,8
img_1680.jpg,3
img_1858.jpg,6
img_648.jpg,8
img_4908.jpg,9
img_890.jpg,9
img_1870.jpg,1
img_3901.jpg,1
img_3915.jpg,0
img_1864.jpg,7
img_884.jpg,1
img_3040.jpg,6
img_1657.jpg,8
img_1131.jpg,0
img_3726.jpg,8
img_4049.jpg,0
img_5357.jpg,2
img_2438.jpg,9
img_3732.jpg,7
img_5343.jpg,9
img_1125.jpg,6
img_1643.jpg,7
img_3054.jpg,8
img_2362.jpg,5
img_853.jpg,7
img_4713.jpg,6
img_4075.jpg,6
img_2404.jpg,1
img_1119.jpg,4
img_4061.jpg,7
img_2410.jpg,7
img_2376.jpg,1
img_847.jpg,7
img_4707.jpg,9
img_3068.jpg,3
img_1938.jpg,5
img_4840.jpg,9
img_700.jpg,8
img_4698.jpg,5
img_3691.jpg,1
img_3849.jpg,2
img_1086.jpg,7
img_1092.jpg,1
img_3685.jpg,3
img_4854.jpg,0
img_714.jpg,5
img_1904.jpg,3
img_3875.jpg,6
img_3861.jpg,2
img_1910.jpg,9
img_4868.jpg,0
img_728.jpg,4
img_3134.jpg,2
img_4883.jpg,1
img_1723.jpg,6
img_1045.jpg,2
img_5223.jpg,3
img_3652.jpg,7
img_2558.jpg,2
img_5237.jpg,3
img_4129.jpg,8
img_3646.jpg,6
img_1051.jpg,2
img_1737.jpg,3
img_3120.jpg,1
img_4897.jpg,3
img_3108.jpg,4
img_4667.jpg,6
img_927.jpg,9
img_2216.jpg,6
img_2570.jpg,4
img_4101.jpg,5
img_1079.jpg,2
img_2564.jpg,1
img_4115.jpg,7
img_4673.jpg,1
img_933.jpg,1
img_2202.jpg,9
img_1284.jpg,0
img_4.jpg,0
img_3493.jpg,6
img_264.jpg,5
img_2955.jpg,5
img_502.jpg,5
img_516.jpg,3
img_2799.jpg,7
img_3487.jpg,4
img_270.jpg,1
img_2941.jpg,1
img_1290.jpg,1
img_258.jpg,1
img_2969.jpg,8
img_3450.jpg,5
img_2996.jpg,5
img_5021.jpg,9
img_1247.jpg,7
img_1521.jpg,5
img_2028.jpg,3
img_4459.jpg,2
img_3336.jpg,4
img_3322.jpg,5
img_1535.jpg,0
img_1253.jpg,0
img_3444.jpg,4
img_2982.jpg,6
img_5035.jpg,6
img_4303.jpg,7
img_2772.jpg,3
img_2014.jpg,6
img_4465.jpg,8
img_1509.jpg,2
img_2000.jpg,7
img_4471.jpg,1
img_3478.jpg,7
img_4317.jpg,3
img_5009.jpg,2
img_2766.jpg,1
img_4470.jpg,2
img_2001.jpg,8
img_1508.jpg,1
img_2767.jpg,3
img_5008.jpg,7
img_4316.jpg,3
img_3479.jpg,4
img_2773.jpg,8
img_4302.jpg,4
img_4464.jpg,7
img_2015.jpg,6
img_1534.jpg,4
img_3323.jpg,4
img_5034.jpg,1
img_2983.jpg,1
img_3445.jpg,4
img_1252.jpg,6
img_1246.jpg,4
img_5020.jpg,0
img_2997.jpg,1
img_3451.jpg,8
img_3337.jpg,3
img_4458.jpg,2
img_2029.jpg,2
img_1520.jpg,9
img_2968.jpg,5
img_259.jpg,4
img_517.jpg,5
img_1291.jpg,9
img_2940.jpg,6
img_271.jpg,6
img_3486.jpg,8
img_2798.jpg,3
img_2954.jpg,9
img_265.jpg,7
img_3492.jpg,9
img_5.jpg,3
img_1285.jpg,7
img_503.jpg,9
img_4114.jpg,9
img_2565.jpg,3
img_2203.jpg,3
img_932.jpg,2
img_4672.jpg,9
img_2217.jpg,7
img_926.jpg,7
img_4666.jpg,0
img_3109.jpg,1
img_1078.jpg,1
img_4100.jpg,7
img_2571.jpg,6
img_1050.jpg,6
img_3647.jpg,4
img_4128.jpg,2
img_5236.jpg,5
img_2559.jpg,6
img_4896.jpg,0
img_3121.jpg,6
img_1736.jpg,0
img_1722.jpg,3
img_4882.jpg,4
img_3135.jpg,8
img_3653.jpg,9
img_5222.jpg,8
img_1044.jpg,9
img_3860.jpg,2
img_729.jpg,7
img_4869.jpg,4
img_1911.jpg,1
img_1905.jpg,7
img_3874.jpg,1
img_3684.jpg,6
img_1093.jpg,0
img_715.jpg,3
img_4855.jpg,9
img_4699.jpg,4
img_701.jpg,4
img_4841.jpg,5
img_1939.jpg,9
img_1087.jpg,6
img_3848.jpg,3
img_3690.jpg,0
img_2411.jpg,9
img_4060.jpg,1
img_1118.jpg,6
img_3069.jpg,5
img_4706.jpg,9
img_846.jpg,6
img_2377.jpg,6
img_4712.jpg,3
img_852.jpg,9
img_2363.jpg,6
img_2405.jpg,7
img_4074.jpg,8
img_1124.jpg,1
img_5342.jpg,5
img_3733.jpg,1
img_3055.jpg,5
img_1642.jpg,7
img_1656.jpg,9
img_3041.jpg,1
img_2439.jpg,0
img_5356.jpg,3
img_4048.jpg,1
img_3727.jpg,6
img_1130.jpg,2
img_3914.jpg,0
img_885.jpg,2
img_1865.jpg,1
img_1871.jpg,5
img_891.jpg,1
img_4909.jpg,2
img_649.jpg,1
img_3900.jpg,1
img_107.jpg,0
img_3928.jpg,3
img_5381.jpg,1
img_1859.jpg,5
img_1681.jpg,3
img_2388.jpg,7
img_4921.jpg,9
img_3096.jpg,8
img_661.jpg,2
img_4935.jpg,8
img_3082.jpg,6
img_675.jpg,8
img_1695.jpg,1
img_113.jpg,4
img_2175.jpg,7
img_4504.jpg,7
img_4262.jpg,8
img_2613.jpg,4
img_3519.jpg,0
img_4276.jpg,0
img_5168.jpg,9
img_2607.jpg,0
img_1468.jpg,1
img_2161.jpg,9
img_14.jpg,0
img_4510.jpg,8
img_488.jpg,8
img_1440.jpg,9
img_2149.jpg,1
img_4538.jpg,8
img_3257.jpg,6
img_3531.jpg,6
img_5140.jpg,7
img_1326.jpg,0
img_1332.jpg,6
img_3525.jpg,1
img_5154.jpg,7
img_28.jpg,7
img_3243.jpg,3
img_1454.jpg,0
img_339.jpg,6
img_2808.jpg,8
img_463.jpg,5
img_3294.jpg,1
img_1483.jpg,6
img_5183.jpg,5
img_305.jpg,6
img_2834.jpg,2
img_5197.jpg,0
img_311.jpg,8
img_4289.jpg,8
img_2820.jpg,1
img_1497.jpg,8
img_477.jpg,1
img_3280.jpg,9
img_438.jpg,9
img_376.jpg,6
img_3581.jpg,6
img_2847.jpg,2
img_1396.jpg,4
img_4588.jpg,1
img_410.jpg,5
img_98.jpg,9
img_404.jpg,1
img_1382.jpg,4
img_362.jpg,6
img_3595.jpg,5
img_2853.jpg,7
img_2660.jpg,9
img_389.jpg,3
img_4211.jpg,3
img_1369.jpg,2
img_4577.jpg,5
img_3218.jpg,5
img_2106.jpg,6
img_73.jpg,8
img_4563.jpg,0
img_2112.jpg,7
img_67.jpg,1
img_2674.jpg,2
img_4205.jpg,1
img_1355.jpg,3
img_5133.jpg,3
img_3542.jpg,0
img_2884.jpg,1
img_3224.jpg,7
img_1433.jpg,1
img_1427.jpg,5
img_3230.jpg,2
img_5127.jpg,4
img_2648.jpg,4
img_3556.jpg,1
img_4239.jpg,9
img_2890.jpg,5
img_1341.jpg,2
img_1816.jpg,8
img_3967.jpg,1
img_148.jpg,7
img_3973.jpg,0
img_1802.jpg,0
img_612.jpg,4
img_4952.jpg,6
img_1194.jpg,8
img_3783.jpg,8
img_174.jpg,6
img_2489.jpg,9
img_3797.jpg,3
img_160.jpg,8
img_1180.jpg,5
img_606.jpg,2
img_4946.jpg,5
img_835.jpg,3
img_2304.jpg,3
img_4775.jpg,8
img_4013.jpg,1
img_2462.jpg,0
img_4007.jpg,1
img_3768.jpg,7
img_2476.jpg,3
img_5319.jpg,4
img_1619.jpg,1
img_821.jpg,3
img_2310.jpg,6
img_4761.jpg,0
img_1631.jpg,5
img_809.jpg,9
img_2338.jpg,9
img_4991.jpg,6
img_3026.jpg,6
img_4749.jpg,1
img_3740.jpg,7
img_3998.jpg,3
img_5331.jpg,3
img_1157.jpg,4
img_1143.jpg,2
img_3754.jpg,7
img_5325.jpg,4
img_4985.jpg,8
img_3032.jpg,1
img_1625.jpg,4
img_1962.jpg,3
img_982.jpg,8
img_3813.jpg,0
img_3807.jpg,3
img_996.jpg,3
img_1976.jpg,4
img_4826.jpg,1
img_3191.jpg,3
img_766.jpg,0
img_1786.jpg,6
img_4198.jpg,5
img_5286.jpg,3
img_5292.jpg,9
img_1792.jpg,1
img_4832.jpg,3
img_3185.jpg,0
img_772.jpg,5
img_4601.jpg,8
img_799.jpg,9
img_2270.jpg,0
img_941.jpg,6
img_1779.jpg,7
img_5279.jpg,2
img_2516.jpg,7
img_3608.jpg,5
img_4167.jpg,5
img_2502.jpg,7
img_4173.jpg,6
img_4615.jpg,3
img_2264.jpg,0
img_955.jpg,3
img_1745.jpg,4
img_3152.jpg,6
img_5245.jpg,0
img_3634.jpg,3
img_1023.jpg,9
img_1037.jpg,9
img_5251.jpg,6
img_3620.jpg,3
img_4629.jpg,0
img_3146.jpg,9
img_2258.jpg,6
img_969.jpg,8
img_1751.jpg,7
img_1989.jpg,7
img_558.jpg,5
img_5084.jpg,1
img_2933.jpg,7
img_202.jpg,9
img_1584.jpg,1
img_564.jpg,1
img_3393.jpg,7
img_570.jpg,4
img_3387.jpg,9
img_2099.jpg,4
img_1590.jpg,2
img_5090.jpg,7
img_2927.jpg,7
img_216.jpg,2
img_4365.jpg,5
img_2714.jpg,5
img_2072.jpg,4
img_4403.jpg,4
img_2066.jpg,5
img_3378.jpg,1
img_4417.jpg,4
img_1209.jpg,4
img_4371.jpg,3
img_2700.jpg,7
img_1221.jpg,0
img_4359.jpg,7
img_3436.jpg,7
img_2728.jpg,8
img_5047.jpg,6
img_3350.jpg,8
img_1547.jpg,9
img_1553.jpg,1
img_3344.jpg,2
img_3422.jpg,9
img_5053.jpg,1
img_1235.jpg,4
img_3345.jpg,8
img_1552.jpg,0
img_1234.jpg,5
img_5052.jpg,9
img_3423.jpg,2
img_5046.jpg,1
img_2729.jpg,1
img_3437.jpg,8
img_4358.jpg,6
img_1220.jpg,2
img_1546.jpg,8
img_3351.jpg,4
img_4416.jpg,6
img_3379.jpg,8
img_2067.jpg,2
img_2701.jpg,7
img_4370.jpg,2
img_1208.jpg,6
img_2715.jpg,1
img_4364.jpg,9
img_4402.jpg,1
img_2073.jpg,6
img_1591.jpg,3
img_2098.jpg,3
img_3386.jpg,1
img_571.jpg,6
img_217.jpg,1
img_2926.jpg,2
img_5091.jpg,0
img_203.jpg,0
img_2932.jpg,7
img_5085.jpg,7
img_3392.jpg,1
img_565.jpg,6
img_1585.jpg,4
img_559.jpg,6
img_3621.jpg,8
img_5250.jpg,2
img_1036.jpg,5
img_1988.jpg,1
img_1750.jpg,5
img_968.jpg,8
img_2259.jpg,0
img_3147.jpg,5
img_4628.jpg,8
img_3153.jpg,8
img_1744.jpg,9
img_1022.jpg,9
img_3635.jpg,5
img_5244.jpg,7
img_4172.jpg,5
img_2503.jpg,6
img_954.jpg,2
img_2265.jpg,1
img_4614.jpg,4
img_1778.jpg,2
img_940.jpg,5
img_2271.jpg,1
img_798.jpg,6
img_4600.jpg,1
img_4166.jpg,9
img_3609.jpg,0
img_2517.jpg,2
img_5278.jpg,0
img_5293.jpg,3
img_773.jpg,0
img_3184.jpg,7
img_4833.jpg,2
img_1793.jpg,9
img_1787.jpg,2
img_767.jpg,0
img_3190.jpg,1
img_4827.jpg,4
img_5287.jpg,1
img_4199.jpg,2
img_3806.jpg,3
img_1977.jpg,0
img_997.jpg,6
img_983.jpg,7
img_1963.jpg,6
img_3812.jpg,1
img_5324.jpg,5
img_3755.jpg,1
img_1142.jpg,0
img_1624.jpg,3
img_3033.jpg,6
img_4984.jpg,8
img_4748.jpg,1
img_3027.jpg,3
img_4990.jpg,9
img_2339.jpg,9
img_808.jpg,6
img_1630.jpg,7
img_1156.jpg,4
img_5330.jpg,7
img_3999.jpg,1
img_3741.jpg,9
img_5318.jpg,0
img_2477.jpg,3
img_3769.jpg,2
img_4006.jpg,8
img_4760.jpg,8
img_2311.jpg,4
img_820.jpg,4
img_1618.jpg,2
img_4774.jpg,9
img_2305.jpg,4
img_834.jpg,9
img_2463.jpg,3
img_4012.jpg,6
img_1181.jpg,3
img_161.jpg,3
img_3796.jpg,3
img_2488.jpg,7
img_4947.jpg,6
img_607.jpg,8
img_4953.jpg,0
img_613.jpg,3
img_175.jpg,1
img_3782.jpg,4
img_1195.jpg,8
img_3972.jpg,1
img_1803.jpg,0
img_1817.jpg,5
img_149.jpg,2
img_3966.jpg,9
img_3231.jpg,8
img_1426.jpg,8
img_1340.jpg,2
img_2891.jpg,8
img_4238.jpg,4
img_3557.jpg,8
img_2649.jpg,7
img_5126.jpg,6
img_2885.jpg,7
img_3543.jpg,4
img_5132.jpg,2
img_1354.jpg,2
img_1432.jpg,7
img_3225.jpg,7
img_66.jpg,0
img_2113.jpg,4
img_4562.jpg,0
img_4204.jpg,6
img_2675.jpg,4
img_1368.jpg,8
img_4210.jpg,1
img_388.jpg,1
img_2661.jpg,7
img_72.jpg,5
img_2107.jpg,9
img_3219.jpg,3
img_4576.jpg,1
img_405.jpg,1
img_99.jpg,7
img_2852.jpg,4
img_3594.jpg,5
img_363.jpg,3
img_1383.jpg,0
img_1397.jpg,7
img_2846.jpg,1
img_3580.jpg,8
img_377.jpg,9
img_411.jpg,5
img_4589.jpg,3
img_439.jpg,5
img_349.jpg,2
img_2878.jpg,0
img_1381.jpg,7
img_3596.jpg,6
img_361.jpg,8
img_2850.jpg,4
img_2688.jpg,4
img_407.jpg,9
img_413.jpg,4
img_3582.jpg,0
img_375.jpg,7
img_2844.jpg,1
img_1395.jpg,9
img_5118.jpg,0
img_2677.jpg,4
img_3569.jpg,2
img_4206.jpg,4
img_4560.jpg,3
img_2111.jpg,6
img_64.jpg,0
img_1418.jpg,5
img_4574.jpg,0
img_2105.jpg,6
img_70.jpg,1
img_2663.jpg,0
img_4212.jpg,9
img_5124.jpg,4
img_3555.jpg,9
img_2893.jpg,0
img_1342.jpg,9
img_1424.jpg,6
img_3233.jpg,0
img_58.jpg,2
img_4548.jpg,4
img_3227.jpg,2
img_2139.jpg,4
img_1430.jpg,8
img_1356.jpg,2
img_5130.jpg,8
img_3541.jpg,0
img_2887.jpg,9
img_639.jpg,8
img_4979.jpg,3
img_1801.jpg,0
img_3970.jpg,5
img_3964.jpg,7
img_1815.jpg,1
img_605.jpg,6
img_4945.jpg,9
img_163.jpg,4
img_3794.jpg,7
img_1183.jpg,9
img_1197.jpg,3
img_3958.jpg,7
img_177.jpg,7
img_3780.jpg,1
img_611.jpg,7
img_4789.jpg,9
img_4951.jpg,2
img_1829.jpg,3
img_822.jpg,0
img_2313.jpg,9
img_4762.jpg,9
img_4004.jpg,1
img_2475.jpg,6
img_1168.jpg,2
img_4010.jpg,8
img_188.jpg,1
img_2461.jpg,7
img_836.jpg,9
img_2307.jpg,3
img_3019.jpg,1
img_4776.jpg,2
img_4986.jpg,5
img_3031.jpg,9
img_1626.jpg,4
img_1140.jpg,7
img_4038.jpg,7
img_3757.jpg,0
img_2449.jpg,4
img_5326.jpg,0
img_3743.jpg,2
img_5332.jpg,9
img_1154.jpg,4
img_1632.jpg,9
img_4992.jpg,7
img_3025.jpg,2
img_995.jpg,8
img_1975.jpg,8
img_3804.jpg,8
img_3810.jpg,2
img_1961.jpg,5
img_4819.jpg,3
img_981.jpg,5
img_759.jpg,1
img_1949.jpg,6
img_1791.jpg,9
img_4831.jpg,0
img_2298.jpg,4
img_771.jpg,6
img_3186.jpg,7
img_5291.jpg,1
img_3838.jpg,8
img_5285.jpg,1
img_4825.jpg,1
img_765.jpg,4
img_3192.jpg,7
img_1785.jpg,6
img_4616.jpg,9
img_3179.jpg,7
img_2267.jpg,0
img_956.jpg,2
img_2501.jpg,3
img_4170.jpg,2
img_1008.jpg,6
img_2515.jpg,2
img_4164.jpg,5
img_4602.jpg,8
img_2273.jpg,3
img_942.jpg,2
img_3145.jpg,6
img_1752.jpg,1
img_1034.jpg,9
img_5252.jpg,4
img_3623.jpg,3
img_5246.jpg,3
img_2529.jpg,0
img_3637.jpg,0
img_4158.jpg,2
img_1020.jpg,9
img_1746.jpg,9
img_3151.jpg,9
img_2918.jpg,6
img_229.jpg,1
img_5093.jpg,9
img_2924.jpg,9
img_215.jpg,3
img_3384.jpg,7
img_573.jpg,3
img_1593.jpg,3
img_1587.jpg,1
img_3390.jpg,9
img_567.jpg,4
img_5087.jpg,2
img_2930.jpg,5
img_4399.jpg,0
img_201.jpg,1
img_4372.jpg,3
img_2703.jpg,9
img_2065.jpg,5
img_4414.jpg,2
img_1578.jpg,1
img_2071.jpg,9
img_598.jpg,6
img_4400.jpg,0
img_4366.jpg,0
img_3409.jpg,3
img_2717.jpg,8
img_5078.jpg,3
img_3421.jpg,2
img_5050.jpg,3
img_1236.jpg,6
img_1550.jpg,4
img_2059.jpg,3
img_3347.jpg,8
img_4428.jpg,9
img_3353.jpg,1
img_1544.jpg,5
img_1222.jpg,0
img_3435.jpg,3
img_5044.jpg,6
img_1545.jpg,5
img_3352.jpg,8
img_5045.jpg,7
img_3434.jpg,1
img_1223.jpg,5
img_1237.jpg,9
img_5051.jpg,5
img_3420.jpg,0
img_4429.jpg,9
img_3346.jpg,6
img_2058.jpg,3
img_1551.jpg,6
img_4401.jpg,9
img_599.jpg,0
img_2070.jpg,9
img_1579.jpg,7
img_5079.jpg,1
img_2716.jpg,6
img_3408.jpg,6
img_4367.jpg,1
img_2702.jpg,3
img_4373.jpg,0
img_4415.jpg,7
img_2064.jpg,0
img_566.jpg,5
img_3391.jpg,7
img_1586.jpg,6
img_200.jpg,9
img_4398.jpg,6
img_2931.jpg,1
img_5086.jpg,6
img_214.jpg,6
img_2925.jpg,4
img_5092.jpg,6
img_1592.jpg,6
img_572.jpg,5
img_3385.jpg,3
img_228.jpg,6
img_2919.jpg,7
img_1021.jpg,5
img_4159.jpg,7
img_3636.jpg,5
img_2528.jpg,9
img_5247.jpg,8
img_3150.jpg,9
img_1747.jpg,1
img_1753.jpg,6
img_3144.jpg,7
img_3622.jpg,4
img_5253.jpg,5
img_1035.jpg,4
img_4165.jpg,1
img_2514.jpg,0
img_943.jpg,6
img_2272.jpg,5
img_4603.jpg,9
img_957.jpg,8
img_2266.jpg,8
img_3178.jpg,2
img_4617.jpg,4
img_1009.jpg,3
img_4171.jpg,2
img_2500.jpg,4
img_5284.jpg,4
img_1784.jpg,0
img_3193.jpg,8
img_764.jpg,0
img_4824.jpg,4
img_3187.jpg,0
img_770.jpg,8
img_2299.jpg,8
img_4830.jpg,0
img_1790.jpg,2
img_1948.jpg,6
img_3839.jpg,5
img_5290.jpg,0
img_3811.jpg,0
img_758.jpg,1
img_980.jpg,4
img_4818.jpg,2
img_1960.jpg,5
img_1974.jpg,5
img_994.jpg,6
img_3805.jpg,9
img_1155.jpg,7
img_5333.jpg,2
img_3742.jpg,5
img_3024.jpg,0
img_4993.jpg,8
img_1633.jpg,6
img_1627.jpg,9
img_3030.jpg,9
img_4987.jpg,7
img_5327.jpg,1
img_2448.jpg,4
img_3756.jpg,9
img_4039.jpg,5
img_1141.jpg,6
img_2460.jpg,8
img_189.jpg,6
img_4011.jpg,6
img_1169.jpg,4
img_4777.jpg,2
img_3018.jpg,3
img_2306.jpg,5
img_837.jpg,6
img_4763.jpg,0
img_2312.jpg,5
img_823.jpg,5
img_2474.jpg,9
img_4005.jpg,3
img_3781.jpg,9
img_176.jpg,3
img_3959.jpg,6
img_1196.jpg,9
img_1828.jpg,0
img_4950.jpg,1
img_4788.jpg,2
img_610.jpg,4
img_4944.jpg,9
img_604.jpg,1
img_1182.jpg,8
img_3795.jpg,5
img_162.jpg,0
img_3965.jpg,3
img_1814.jpg,5
img_1800.jpg,4
img_4978.jpg,0
img_638.jpg,7
img_3971.jpg,0
img_1431.jpg,4
img_2138.jpg,1
img_3226.jpg,4
img_4549.jpg,9
img_2886.jpg,0
img_3540.jpg,6
img_5131.jpg,9
img_1357.jpg,9
img_1343.jpg,1
img_2892.jpg,6
img_3554.jpg,1
img_5125.jpg,1
img_59.jpg,2
img_3232.jpg,8
img_1425.jpg,8
img_71.jpg,6
img_2104.jpg,2
img_4575.jpg,7
img_4213.jpg,1
img_2662.jpg,4
img_4207.jpg,1
img_3568.jpg,5
img_2676.jpg,2
img_5119.jpg,9
img_1419.jpg,1
img_65.jpg,0
img_2110.jpg,0
img_4561.jpg,8
img_412.jpg,0
img_1394.jpg,7
img_2845.jpg,6
img_374.jpg,9
img_3583.jpg,9
img_2689.jpg,8
img_2851.jpg,7
img_360.jpg,7
img_3597.jpg,6
img_1380.jpg,1
img_406.jpg,1
img_2879.jpg,3
img_348.jpg,5
img_402.jpg,7
img_1384.jpg,8
img_2855.jpg,0
img_3593.jpg,2
img_364.jpg,8
img_2841.jpg,9
img_3587.jpg,1
img_370.jpg,6
img_2699.jpg,9
img_1390.jpg,2
img_416.jpg,3
img_2869.jpg,1
img_358.jpg,9
img_1421.jpg,9
img_3236.jpg,4
img_4559.jpg,3
img_2128.jpg,0
img_5121.jpg,9
img_2896.jpg,9
img_3550.jpg,9
img_1347.jpg,5
img_1353.jpg,7
img_5135.jpg,6
img_2882.jpg,9
img_3544.jpg,3
img_3222.jpg,4
img_49.jpg,6
img_1435.jpg,6
img_4565.jpg,7
img_61.jpg,4
img_2114.jpg,2
img_2672.jpg,8
img_4203.jpg,1
img_2666.jpg,7
img_5109.jpg,2
img_4217.jpg,9
img_3578.jpg,9
img_1409.jpg,4
img_4571.jpg,7
img_75.jpg,2
img_2100.jpg,3
img_3949.jpg,4
img_166.jpg,3
img_3791.jpg,9
img_1186.jpg,7
img_1838.jpg,9
img_4798.jpg,7
img_600.jpg,3
img_4940.jpg,1
img_614.jpg,3
img_4954.jpg,3
img_1192.jpg,3
img_172.jpg,7
img_3785.jpg,5
img_3975.jpg,7
img_1804.jpg,0
img_1810.jpg,7
img_628.jpg,3
img_4968.jpg,1
img_3961.jpg,3
img_1145.jpg,2
img_3752.jpg,1
img_5323.jpg,1
img_4983.jpg,8
img_3034.jpg,8
img_1623.jpg,1
img_1637.jpg,7
img_4997.jpg,3
img_3020.jpg,3
img_3746.jpg,6
img_4029.jpg,6
img_5337.jpg,1
img_2458.jpg,1
img_1151.jpg,6
img_199.jpg,6
img_4001.jpg,4
img_2470.jpg,9
img_1179.jpg,2
img_2316.jpg,1
img_827.jpg,0
img_4767.jpg,2
img_3008.jpg,7
img_2302.jpg,8
img_833.jpg,5
img_4773.jpg,6
img_4015.jpg,2
img_2464.jpg,3
img_5294.jpg,9
img_1794.jpg,6
img_4834.jpg,4
img_774.jpg,1
img_3183.jpg,4
img_4820.jpg,0
img_2289.jpg,9
img_760.jpg,8
img_3197.jpg,0
img_1958.jpg,5
img_1780.jpg,4
img_5280.jpg,5
img_3829.jpg,3
img_3801.jpg,8
img_990.jpg,2
img_4808.jpg,6
img_748.jpg,7
img_1970.jpg,0
img_1964.jpg,8
img_984.jpg,9
img_3815.jpg,1
img_1031.jpg,9
img_2538.jpg,2
img_5257.jpg,5
img_4149.jpg,5
img_3626.jpg,6
img_3140.jpg,3
img_1757.jpg,0
img_1743.jpg,3
img_3154.jpg,7
img_5243.jpg,6
img_3632.jpg,2
img_1025.jpg,2
img_2504.jpg,4
img_4175.jpg,5
img_4613.jpg,1
img_953.jpg,5
img_2262.jpg,5
img_3168.jpg,0
img_4607.jpg,5
img_947.jpg,3
img_2276.jpg,7
img_1019.jpg,4
img_2510.jpg,0
img_4161.jpg,7
img_3381.jpg,6
img_576.jpg,4
img_1596.jpg,9
img_5096.jpg,1
img_210.jpg,2
img_2921.jpg,2
img_4388.jpg,9
img_5082.jpg,3
img_204.jpg,9
img_2935.jpg,7
img_1582.jpg,8
img_3395.jpg,1
img_562.jpg,3
img_238.jpg,3
img_2909.jpg,2
img_1555.jpg,2
img_3342.jpg,9
img_3424.jpg,7
img_5055.jpg,5
img_1233.jpg,7
img_1227.jpg,9
img_3430.jpg,3
img_5041.jpg,0
img_2048.jpg,0
img_4439.jpg,0
img_3356.jpg,7
img_1541.jpg,7
img_2060.jpg,5
img_4411.jpg,8
img_589.jpg,8
img_1569.jpg,9
img_3418.jpg,1
img_4377.jpg,1
img_5069.jpg,1
img_2706.jpg,1
img_4363.jpg,0
img_2712.jpg,1
img_2074.jpg,4
img_4405.jpg,5
img_2713.jpg,0
img_4362.jpg,2
img_4404.jpg,2
img_2075.jpg,6
img_1568.jpg,9
img_588.jpg,3
img_4410.jpg,8
img_2061.jpg,9
img_2707.jpg,9
img_5068.jpg,5
img_4376.jpg,3
img_3419.jpg,8
img_5040.jpg,2
img_3431.jpg,3
img_1226.jpg,9
img_1540.jpg,0
img_3357.jpg,1
img_4438.jpg,1
img_2049.jpg,2
img_3343.jpg,4
img_1554.jpg,9
img_1232.jpg,3
img_5054.jpg,3
img_3425.jpg,7
img_2908.jpg,7
img_239.jpg,8
img_2934.jpg,3
img_205.jpg,9
img_5083.jpg,6
img_563.jpg,8
img_3394.jpg,8
img_1583.jpg,8
img_1597.jpg,1
img_577.jpg,8
img_3380.jpg,0
img_4389.jpg,6
img_2920.jpg,2
img_211.jpg,0
img_5097.jpg,3
img_2277.jpg,6
img_946.jpg,9
img_4606.jpg,2
img_3169.jpg,0
img_4160.jpg,4
img_2511.jpg,2
img_1018.jpg,3
img_4174.jpg,8
img_2505.jpg,1
img_2263.jpg,9
img_952.jpg,7
img_4612.jpg,9
img_3155.jpg,9
img_1742.jpg,5
img_1024.jpg,6
img_3633.jpg,0
img_5242.jpg,8
img_3627.jpg,4
img_4148.jpg,3
img_5256.jpg,0
img_2539.jpg,9
img_1030.jpg,1
img_1756.jpg,7
img_3141.jpg,9
img_985.jpg,7
img_1965.jpg,3
img_3814.jpg,1
img_3800.jpg,1
img_1971.jpg,9
img_749.jpg,8
img_4809.jpg,6
img_991.jpg,1
img_1781.jpg,8
img_1959.jpg,5
img_3196.jpg,9
img_761.jpg,3
img_2288.jpg,5
img_4821.jpg,0
img_3828.jpg,3
img_5281.jpg,5
img_5295.jpg,5
img_3182.jpg,4
img_775.jpg,5
img_4835.jpg,1
img_1795.jpg,9
img_4772.jpg,0
img_832.jpg,0
img_2303.jpg,0
img_2465.jpg,8
img_4014.jpg,6
img_1178.jpg,7
img_2471.jpg,7
img_4000.jpg,7
img_198.jpg,7
img_3009.jpg,7
img_4766.jpg,0
img_826.jpg,9
img_2317.jpg,2
img_3021.jpg,4
img_4996.jpg,7
img_1636.jpg,0
img_1150.jpg,3
img_2459.jpg,9
img_5336.jpg,2
img_4028.jpg,5
img_3747.jpg,8
img_5322.jpg,2
img_3753.jpg,7
img_1144.jpg,1
img_1622.jpg,6
img_3035.jpg,8
img_4982.jpg,2
img_4969.jpg,4
img_629.jpg,6
img_1811.jpg,8
img_3960.jpg,6
img_3974.jpg,9
img_1805.jpg,3
img_4955.jpg,0
img_615.jpg,2
img_3784.jpg,5
img_173.jpg,8
img_1193.jpg,3
img_1187.jpg,0
img_3790.jpg,3
img_167.jpg,7
img_3948.jpg,2
img_4941.jpg,4
img_601.jpg,5
img_4799.jpg,2
img_1839.jpg,0
img_3579.jpg,6
img_4216.jpg,2
img_5108.jpg,8
img_2667.jpg,4
img_2101.jpg,7
img_74.jpg,8
img_4570.jpg,0
img_1408.jpg,8
img_2115.jpg,2
img_60.jpg,0
img_4564.jpg,9
img_4202.jpg,3
img_2673.jpg,5
img_3545.jpg,5
img_2883.jpg,2
img_5134.jpg,4
img_1352.jpg,6
img_1434.jpg,9
img_48.jpg,2
img_3223.jpg,5
img_2129.jpg,6
img_4558.jpg,6
img_3237.jpg,2
img_1420.jpg,7
img_1346.jpg,0
img_3551.jpg,2
img_2897.jpg,9
img_5120.jpg,9
img_359.jpg,2
img_2868.jpg,5
img_1391.jpg,5
img_2698.jpg,4
img_371.jpg,4
img_3586.jpg,4
img_2840.jpg,8
img_417.jpg,1
img_403.jpg,6
img_365.jpg,4
img_3592.jpg,6
img_2854.jpg,1
img_1385.jpg,7
img_89.jpg,6
img_415.jpg,2
img_2842.jpg,6
img_373.jpg,7
img_3584.jpg,5
img_1393.jpg,3
img_1387.jpg,9
img_2856.jpg,6
img_367.jpg,3
img_3590.jpg,0
img_401.jpg,9
img_4599.jpg,4
img_429.jpg,4
img_3221.jpg,9
img_1436.jpg,8
img_1350.jpg,8
img_2659.jpg,0
img_5136.jpg,1
img_4228.jpg,4
img_2881.jpg,4
img_3547.jpg,1
img_5122.jpg,4
img_2895.jpg,7
img_3553.jpg,3
img_1344.jpg,3
img_1422.jpg,2
img_3235.jpg,9
img_4572.jpg,2
img_76.jpg,8
img_2103.jpg,9
img_2665.jpg,6
img_4214.jpg,0
img_1378.jpg,0
img_2671.jpg,2
img_4200.jpg,0
img_398.jpg,1
img_3209.jpg,3
img_4566.jpg,5
img_62.jpg,1
img_2117.jpg,0
img_1191.jpg,7
img_2498.jpg,2
img_3786.jpg,6
img_171.jpg,2
img_617.jpg,7
img_4957.jpg,3
img_603.jpg,7
img_4943.jpg,0
img_3792.jpg,5
img_165.jpg,1
img_1185.jpg,0
img_3962.jpg,3
img_1813.jpg,0
img_1807.jpg,4
img_3976.jpg,9
img_159.jpg,7
img_3745.jpg,9
img_5334.jpg,9
img_1152.jpg,7
img_1634.jpg,6
img_4994.jpg,8
img_3023.jpg,2
img_2329.jpg,3
img_4980.jpg,6
img_818.jpg,9
img_4758.jpg,9
img_3037.jpg,6
img_1620.jpg,1
img_1146.jpg,8
img_3751.jpg,8
img_3989.jpg,6
img_5320.jpg,5
img_3779.jpg,9
img_4016.jpg,3
img_5308.jpg,5
img_2467.jpg,0
img_2301.jpg,2
img_830.jpg,2
img_4770.jpg,5
img_1608.jpg,2
img_2315.jpg,0
img_824.jpg,0
img_4764.jpg,1
img_4002.jpg,6
img_2473.jpg,1
img_5283.jpg,1
img_4823.jpg,3
img_3194.jpg,9
img_763.jpg,4
img_1783.jpg,7
img_1797.jpg,2
img_4837.jpg,9
img_3180.jpg,6
img_777.jpg,4
img_4189.jpg,1
img_5297.jpg,7
img_3816.jpg,3
img_1967.jpg,1
img_987.jpg,0
img_993.jpg,0
img_1973.jpg,4
img_3802.jpg,0
img_5240.jpg,8
img_3631.jpg,1
img_1026.jpg,6
img_1740.jpg,0
img_1998.jpg,0
img_3157.jpg,2
img_4638.jpg,9
img_978.jpg,0
img_2249.jpg,3
img_3143.jpg,8
img_1754.jpg,8
img_1032.jpg,1
img_5254.jpg,8
img_3625.jpg,2
img_2513.jpg,1
img_4162.jpg,0
img_4604.jpg,7
img_944.jpg,1
img_2275.jpg,5
img_1768.jpg,5
img_788.jpg,4
img_4610.jpg,7
img_950.jpg,2
img_2261.jpg,0
img_2507.jpg,2
img_5268.jpg,3
img_4176.jpg,8
img_3619.jpg,9
img_1581.jpg,3
img_561.jpg,0
img_3396.jpg,3
img_2088.jpg,2
img_5081.jpg,4
img_207.jpg,8
img_2936.jpg,8
img_5095.jpg,5
img_213.jpg,3
img_2922.jpg,8
img_575.jpg,0
img_3382.jpg,3
img_1595.jpg,2
img_549.jpg,2
img_3355.jpg,3
img_1542.jpg,1
img_1224.jpg,0
img_3433.jpg,9
img_5042.jpg,7
img_3427.jpg,1
img_4348.jpg,4
img_5056.jpg,3
img_2739.jpg,5
img_1230.jpg,5
img_1556.jpg,7
img_3341.jpg,0
img_2077.jpg,9
img_4406.jpg,6
img_3369.jpg,1
img_4360.jpg,5
img_2711.jpg,9
img_1218.jpg,7
img_4374.jpg,4
img_2705.jpg,3
img_2063.jpg,7
img_4412.jpg,2
img_2704.jpg,5
img_4375.jpg,9
img_4413.jpg,4
img_2062.jpg,0
img_3368.jpg,3
img_4407.jpg,3
img_2076.jpg,8
img_1219.jpg,8
img_2710.jpg,7
img_4361.jpg,8
img_1231.jpg,4
img_2738.jpg,8
img_5057.jpg,1
img_4349.jpg,5
img_3426.jpg,9
img_3340.jpg,7
img_1557.jpg,4
img_1543.jpg,3
img_3354.jpg,4
img_5043.jpg,1
img_3432.jpg,9
img_1225.jpg,5
img_548.jpg,9
img_2923.jpg,9
img_212.jpg,9
img_5094.jpg,6
img_1594.jpg,3
img_3383.jpg,9
img_574.jpg,6
img_2089.jpg,5
img_3397.jpg,5
img_560.jpg,2
img_1580.jpg,2
img_2937.jpg,4
img_206.jpg,0
img_5080.jpg,0
img_2260.jpg,6
img_951.jpg,6
img_4611.jpg,5
img_789.jpg,8
img_1769.jpg,3
img_3618.jpg,1
img_4177.jpg,2
img_5269.jpg,6
img_2506.jpg,4
img_4163.jpg,6
img_2512.jpg,2
img_2274.jpg,4
img_945.jpg,0
img_4605.jpg,6
img_1755.jpg,3
img_3142.jpg,4
img_3624.jpg,3
img_5255.jpg,3
img_1033.jpg,8
img_1027.jpg,1
img_3630.jpg,6
img_5241.jpg,5
img_2248.jpg,3
img_979.jpg,7
img_4639.jpg,5
img_3156.jpg,1
img_1999.jpg,3
img_1741.jpg,0
img_1972.jpg,4
img_992.jpg,9
img_3803.jpg,6
img_3817.jpg,2
img_986.jpg,7
img_1966.jpg,6
img_776.jpg,3
img_3181.jpg,0
img_4836.jpg,5
img_1796.jpg,2
img_5296.jpg,0
img_4188.jpg,4
img_5282.jpg,6
img_1782.jpg,5
img_762.jpg,0
img_3195.jpg,0
img_4822.jpg,3
img_4765.jpg,6
img_825.jpg,1
img_2314.jpg,7
img_2472.jpg,3
img_4003.jpg,0
img_2466.jpg,7
img_5309.jpg,7
img_4017.jpg,9
img_3778.jpg,2
img_1609.jpg,8
img_4771.jpg,7
img_831.jpg,8
img_2300.jpg,7
img_1621.jpg,3
img_3036.jpg,6
img_4759.jpg,8
img_819.jpg,7
img_4981.jpg,0
img_2328.jpg,6
img_5321.jpg,8
img_3988.jpg,2
img_3750.jpg,0
img_1147.jpg,4
img_1153.jpg,8
img_5335.jpg,1
img_3744.jpg,4
img_3022.jpg,8
img_4995.jpg,6
img_1635.jpg,1
img_1806.jpg,0
img_158.jpg,5
img_3977.jpg,0
img_3963.jpg,6
img_1812.jpg,6
img_4942.jpg,1
img_602.jpg,1
img_1184.jpg,4
img_164.jpg,5
img_3793.jpg,6
img_170.jpg,0
img_3787.jpg,3
img_2499.jpg,2
img_1190.jpg,9
img_4956.jpg,2
img_616.jpg,4
img_399.jpg,7
img_4201.jpg,3
img_2670.jpg,0
img_1379.jpg,9
img_2116.jpg,4
img_63.jpg,7
img_4567.jpg,5
img_3208.jpg,0
img_2102.jpg,7
img_77.jpg,9
img_4573.jpg,1
img_4215.jpg,4
img_2664.jpg,9
img_1345.jpg,3
img_3552.jpg,1
img_2894.jpg,8
img_5123.jpg,8
img_3234.jpg,1
img_1423.jpg,3
img_1437.jpg,9
img_3220.jpg,0
img_3546.jpg,7
img_2880.jpg,1
img_4229.jpg,2
img_5137.jpg,0
img_2658.jpg,9
img_1351.jpg,3
img_428.jpg,7
img_3591.jpg,7
img_366.jpg,2
img_2857.jpg,4
img_1386.jpg,5
img_4598.jpg,4
img_400.jpg,3
img_414.jpg,1
img_88.jpg,3
img_1392.jpg,4
img_3585.jpg,9
img_372.jpg,8
img_2843.jpg,1
img_2682.jpg,8
img_91.jpg,2
img_4595.jpg,3
img_85.jpg,9
img_4581.jpg,5
img_419.jpg,3
img_3588.jpg,9
img_2696.jpg,0
img_357.jpg,3
img_2866.jpg,6
img_431.jpg,4
img_425.jpg,3
img_343.jpg,1
img_2872.jpg,6
img_1348.jpg,6
img_2641.jpg,1
img_2899.jpg,1
img_4230.jpg,4
img_4556.jpg,2
img_3239.jpg,1
img_2127.jpg,7
img_52.jpg,8
img_4542.jpg,8
img_2133.jpg,4
img_46.jpg,7
img_2655.jpg,0
img_4224.jpg,5
img_5112.jpg,6
img_394.jpg,9
img_3563.jpg,2
img_1374.jpg,1
img_1412.jpg,1
img_3205.jpg,3
img_3211.jpg,3
img_1406.jpg,5
img_1360.jpg,5
img_5106.jpg,3
img_2669.jpg,7
img_380.jpg,7
img_3577.jpg,7
img_4218.jpg,3
img_4797.jpg,9
img_1837.jpg,0
img_1189.jpg,5
img_2480.jpg,2
img_3946.jpg,3
img_169.jpg,3
img_2494.jpg,6
img_3952.jpg,1
img_1823.jpg,1
img_4783.jpg,2
img_633.jpg,8
img_4973.jpg,0
img_155.jpg,5
img_141.jpg,4
img_627.jpg,8
img_4967.jpg,7
img_814.jpg,3
img_2325.jpg,9
img_4754.jpg,3
img_4032.jpg,4
img_2443.jpg,9
img_3985.jpg,8
img_4026.jpg,6
img_3749.jpg,6
img_2457.jpg,9
img_5338.jpg,7
img_3991.jpg,2
img_800.jpg,9
img_4998.jpg,1
img_2331.jpg,8
img_4740.jpg,3
img_1638.jpg,8
img_828.jpg,4
img_2319.jpg,3
img_3007.jpg,7
img_4768.jpg,0
img_1610.jpg,1
img_1176.jpg,2
img_3761.jpg,1
img_196.jpg,0
img_5310.jpg,0
img_3775.jpg,3
img_182.jpg,8
img_5304.jpg,5
img_1162.jpg,1
img_1604.jpg,6
img_3013.jpg,9
img_2292.jpg,4
img_1943.jpg,0
img_4185.jpg,4
img_3832.jpg,6
img_4191.jpg,0
img_3826.jpg,9
img_1957.jpg,8
img_2286.jpg,0
img_3198.jpg,0
img_4807.jpg,4
img_747.jpg,0
img_4813.jpg,7
img_753.jpg,4
img_1758.jpg,3
img_1980.jpg,0
img_4620.jpg,8
img_2251.jpg,9
img_960.jpg,2
img_5258.jpg,1
img_2537.jpg,4
img_3629.jpg,0
img_4146.jpg,0
img_2523.jpg,0
img_4152.jpg,0
img_4634.jpg,2
img_2245.jpg,9
img_974.jpg,6
img_1994.jpg,8
img_3173.jpg,1
img_784.jpg,8
img_1764.jpg,9
img_1002.jpg,7
img_5264.jpg,7
img_3615.jpg,5
img_5270.jpg,2
img_3601.jpg,8
img_1016.jpg,7
img_1770.jpg,1
img_4608.jpg,1
img_3167.jpg,3
img_790.jpg,8
img_2279.jpg,8
img_948.jpg,2
img_5099.jpg,8
img_4387.jpg,8
img_1599.jpg,2
img_579.jpg,4
img_2090.jpg,5
img_2084.jpg,8
img_4393.jpg,6
img_2912.jpg,6
img_223.jpg,1
img_545.jpg,0
img_551.jpg,1
img_2906.jpg,0
img_237.jpg,2
img_4344.jpg,6
img_2735.jpg,1
img_2053.jpg,4
img_4422.jpg,8
img_2047.jpg,8
img_3359.jpg,1
img_4436.jpg,6
img_4350.jpg,0
img_2721.jpg,3
img_1228.jpg,9
img_4378.jpg,3
img_3417.jpg,0
img_2709.jpg,6
img_5066.jpg,9
img_1200.jpg,4
img_1566.jpg,0
img_586.jpg,1
img_3371.jpg,8
img_592.jpg,8
img_3365.jpg,4
img_1572.jpg,0
img_1214.jpg,4
img_3403.jpg,5
img_5072.jpg,4
img_1573.jpg,8
img_3364.jpg,2
img_593.jpg,4
img_5073.jpg,4
img_3402.jpg,6
img_1215.jpg,5
img_1201.jpg,4
img_5067.jpg,2
img_2708.jpg,2
img_3416.jpg,4
img_4379.jpg,9
img_3370.jpg,2
img_587.jpg,7
img_1567.jpg,8
img_4437.jpg,9
img_3358.jpg,2
img_2046.jpg,2
img_1229.jpg,9
img_2720.jpg,7
img_4351.jpg,2
img_2734.jpg,9
img_4345.jpg,5
img_4423.jpg,6
img_2052.jpg,9
img_550.jpg,1
img_236.jpg,3
img_2907.jpg,0
img_222.jpg,3
img_2913.jpg,0
img_544.jpg,2
img_2085.jpg,2
img_4392.jpg,8
img_4386.jpg,6
img_5098.jpg,6
img_2091.jpg,7
img_578.jpg,2
img_1598.jpg,3
img_1017.jpg,2
img_3600.jpg,3
img_5271.jpg,0
img_949.jpg,9
img_2278.jpg,8
img_791.jpg,5
img_3166.jpg,4
img_4609.jpg,9
img_1771.jpg,5
img_1765.jpg,1
img_785.jpg,3
img_3172.jpg,3
img_3614.jpg,0
img_5265.jpg,8
img_1003.jpg,0
img_4153.jpg,1
img_2522.jpg,2
img_1995.jpg,6
img_975.jpg,7
img_2244.jpg,8
img_4635.jpg,7
img_961.jpg,7
img_2250.jpg,3
img_4621.jpg,5
img_1981.jpg,9
img_1759.jpg,8
img_4147.jpg,7
img_3628.jpg,4
img_2536.jpg,2
img_5259.jpg,1
img_752.jpg,9
img_4812.jpg,6
img_746.jpg,9
img_4806.jpg,8
img_3827.jpg,8
img_4190.jpg,9
img_3199.jpg,1
img_2287.jpg,5
img_1956.jpg,7
img_1942.jpg,7
img_2293.jpg,2
img_3833.jpg,5
img_4184.jpg,8
img_1163.jpg,9
img_5305.jpg,8
img_183.jpg,5
img_3774.jpg,1
img_3012.jpg,2
img_1605.jpg,2
img_1611.jpg,5
img_4769.jpg,2
img_3006.jpg,8
img_2318.jpg,5
img_829.jpg,5
img_5311.jpg,9
img_197.jpg,9
img_3760.jpg,9
img_1177.jpg,2
img_3990.jpg,4
img_5339.jpg,6
img_2456.jpg,6
img_3748.jpg,6
img_4027.jpg,0
img_1639.jpg,8
img_4741.jpg,1
img_2330.jpg,5
img_4999.jpg,7
img_801.jpg,1
img_4755.jpg,0
img_2324.jpg,5
img_815.jpg,2
img_3984.jpg,4
img_2442.jpg,5
img_4033.jpg,7
img_140.jpg,6
img_4966.jpg,3
img_626.jpg,8
img_4972.jpg,6
img_632.jpg,1
img_154.jpg,6
img_3953.jpg,4
img_2495.jpg,9
img_4782.jpg,3
img_1822.jpg,6
img_1836.jpg,0
img_4796.jpg,3
img_168.jpg,6
img_3947.jpg,0
img_2481.jpg,1
img_1188.jpg,3
img_1407.jpg,9
img_3210.jpg,6
img_4219.jpg,5
img_3576.jpg,6
img_381.jpg,6
img_2668.jpg,9
img_5107.jpg,6
img_1361.jpg,9
img_1375.jpg,1
img_3562.jpg,3
img_395.jpg,6
img_5113.jpg,1
img_3204.jpg,8
img_1413.jpg,5
img_47.jpg,8
img_2132.jpg,4
img_4543.jpg,3
img_4225.jpg,0
img_2654.jpg,9
img_4231.jpg,3
img_2898.jpg,3
img_2640.jpg,5
img_1349.jpg,1
img_53.jpg,8
img_2126.jpg,2
img_3238.jpg,2
img_4557.jpg,7
img_424.jpg,5
img_2873.jpg,4
img_342.jpg,3
img_2867.jpg,0
img_356.jpg,8
img_430.jpg,7
img_418.jpg,1
img_4580.jpg,2
img_84.jpg,0
img_2697.jpg,1
img_3589.jpg,5
img_2683.jpg,8
img_4594.jpg,2
img_90.jpg,7
img_2695.jpg,9
img_86.jpg,2
img_4582.jpg,4
img_92.jpg,0
img_4596.jpg,0
img_368.jpg,8
img_2859.jpg,5
img_2681.jpg,6
img_1388.jpg,8
img_340.jpg,0
img_2871.jpg,7
img_426.jpg,1
img_432.jpg,8
img_354.jpg,2
img_2865.jpg,1
img_5139.jpg,6
img_2656.jpg,7
img_3548.jpg,7
img_4227.jpg,0
img_1439.jpg,9
img_4541.jpg,1
img_2130.jpg,8
img_45.jpg,8
img_4555.jpg,9
img_2124.jpg,7
img_51.jpg,6
img_2642.jpg,6
img_4233.jpg,7
img_1363.jpg,7
img_5105.jpg,9
img_3574.jpg,0
img_383.jpg,5
img_3212.jpg,6
img_79.jpg,2
img_1405.jpg,3
img_1411.jpg,9
img_4569.jpg,3
img_3206.jpg,5
img_2118.jpg,6
img_5111.jpg,0
img_3560.jpg,7
img_397.jpg,1
img_1377.jpg,5
img_1820.jpg,2
img_618.jpg,0
img_4780.jpg,6
img_4958.jpg,0
img_2497.jpg,4
img_3951.jpg,7
img_3789.jpg,1
img_2483.jpg,9
img_3945.jpg,2
img_4794.jpg,2
img_1834.jpg,3
img_624.jpg,4
img_4964.jpg,4
img_142.jpg,3
img_3979.jpg,5
img_156.jpg,3
img_1808.jpg,3
img_630.jpg,2
img_4970.jpg,1
img_803.jpg,3
img_2332.jpg,2
img_4743.jpg,8
img_4025.jpg,3
img_2454.jpg,5
img_3992.jpg,9
img_4031.jpg,9
img_2440.jpg,1
img_3986.jpg,1
img_1149.jpg,5
img_817.jpg,0
img_2326.jpg,3
img_3038.jpg,2
img_4757.jpg,9
img_1607.jpg,3
img_3010.jpg,5
img_4019.jpg,5
img_181.jpg,4
img_3776.jpg,3
img_2468.jpg,3
img_5307.jpg,8
img_1161.jpg,9
img_1175.jpg,8
img_195.jpg,6
img_3762.jpg,7
img_5313.jpg,4
img_3004.jpg,7
img_1613.jpg,3
img_1954.jpg,8
img_2285.jpg,6
img_4192.jpg,4
img_3825.jpg,5
img_4186.jpg,5
img_3831.jpg,3
img_5298.jpg,9
img_2291.jpg,5
img_4838.jpg,2
img_778.jpg,6
img_1940.jpg,3
img_1798.jpg,6
img_4810.jpg,3
img_988.jpg,5
img_750.jpg,6
img_1968.jpg,9
img_3819.jpg,9
img_4804.jpg,9
img_744.jpg,4
img_4637.jpg,6
img_3158.jpg,3
img_2246.jpg,4
img_977.jpg,8
img_1997.jpg,0
img_1029.jpg,5
img_2520.jpg,2
img_4151.jpg,3
img_2534.jpg,5
img_4145.jpg,9
img_1983.jpg,6
img_4623.jpg,8
img_2252.jpg,4
img_963.jpg,4
img_1773.jpg,2
img_793.jpg,4
img_3164.jpg,4
img_5273.jpg,5
img_3602.jpg,4
img_1015.jpg,3
img_1001.jpg,0
img_5267.jpg,5
img_2508.jpg,4
img_3616.jpg,3
img_4179.jpg,3
img_787.jpg,5
img_3170.jpg,3
img_1767.jpg,4
img_4390.jpg,9
img_2939.jpg,5
img_208.jpg,4
img_3399.jpg,2
img_2087.jpg,0
img_2093.jpg,3
img_4384.jpg,9
img_2905.jpg,2
img_234.jpg,1
img_552.jpg,3
img_546.jpg,3
img_2911.jpg,1
img_220.jpg,4
img_4353.jpg,8
img_2722.jpg,7
img_2044.jpg,4
img_4435.jpg,1
img_2050.jpg,4
img_4421.jpg,9
img_1559.jpg,5
img_4347.jpg,5
img_3428.jpg,4
img_2736.jpg,6
img_5059.jpg,2
img_1217.jpg,6
img_3400.jpg,7
img_5071.jpg,7
img_2078.jpg,0
img_3366.jpg,7
img_591.jpg,8
img_4409.jpg,8
img_1571.jpg,3
img_1565.jpg,5
img_3372.jpg,6
img_585.jpg,9
img_3414.jpg,1
img_5065.jpg,0
img_1203.jpg,3
img_584.jpg,6
img_3373.jpg,8
img_1564.jpg,7
img_1202.jpg,8
img_5064.jpg,6
img_3415.jpg,3
img_5070.jpg,3
img_3401.jpg,6
img_1216.jpg,9
img_1570.jpg,6
img_4408.jpg,8
img_590.jpg,0
img_3367.jpg,6
img_2079.jpg,0
img_1558.jpg,8
img_4420.jpg,6
img_2051.jpg,0
img_5058.jpg,9
img_2737.jpg,9
img_3429.jpg,7
img_4346.jpg,3
img_2723.jpg,2
img_4352.jpg,6
img_4434.jpg,9
img_2045.jpg,9
img_547.jpg,0
img_221.jpg,2
img_2910.jpg,8
img_235.jpg,7
img_2904.jpg,1
img_553.jpg,0
img_2092.jpg,3
img_4385.jpg,4
img_209.jpg,6
img_2938.jpg,2
img_4391.jpg,0
img_2086.jpg,3
img_3398.jpg,1
img_4178.jpg,3
img_3617.jpg,6
img_2509.jpg,1
img_5266.jpg,2
img_1000.jpg,9
img_1766.jpg,8
img_3171.jpg,1
img_786.jpg,5
img_3165.jpg,4
img_792.jpg,0
img_1772.jpg,2
img_1014.jpg,7
img_3603.jpg,3
img_5272.jpg,6
img_4144.jpg,7
img_2535.jpg,9
img_962.jpg,9
img_2253.jpg,3
img_4622.jpg,0
img_1982.jpg,4
img_1996.jpg,2
img_976.jpg,0
img_2247.jpg,6
img_3159.jpg,2
img_4636.jpg,9
img_4150.jpg,2
img_2521.jpg,0
img_1028.jpg,5
img_745.jpg,3
img_4805.jpg,7
img_1969.jpg,8
img_751.jpg,4
img_989.jpg,3
img_4811.jpg,2
img_3818.jpg,2
img_5299.jpg,8
img_3830.jpg,1
img_4187.jpg,7
img_1799.jpg,0
img_1941.jpg,9
img_779.jpg,3
img_4839.jpg,4
img_2290.jpg,6
img_2284.jpg,2
img_1955.jpg,7
img_3824.jpg,0
img_4193.jpg,8
img_5312.jpg,6
img_3763.jpg,3
img_194.jpg,9
img_1174.jpg,1
img_1612.jpg,4
img_3005.jpg,9
img_3011.jpg,6
img_1606.jpg,0
img_1160.jpg,0
img_5306.jpg,1
img_2469.jpg,3
img_3777.jpg,2
img_180.jpg,2
img_4018.jpg,1
img_1148.jpg,5
img_3987.jpg,2
img_2441.jpg,1
img_4030.jpg,8
img_4756.jpg,4
img_3039.jpg,2
img_2327.jpg,4
img_816.jpg,4
img_4742.jpg,6
img_2333.jpg,8
img_802.jpg,1
img_3993.jpg,8
img_2455.jpg,5
img_4024.jpg,0
img_157.jpg,7
img_3978.jpg,8
img_4971.jpg,7
img_631.jpg,6
img_1809.jpg,6
img_4965.jpg,9
img_625.jpg,0
img_143.jpg,4
img_3944.jpg,9
img_2482.jpg,3
img_1835.jpg,1
img_4795.jpg,5
img_4959.jpg,4
img_4781.jpg,4
img_619.jpg,0
img_1821.jpg,7
img_3788.jpg,8
img_3950.jpg,8
img_2496.jpg,0
img_2119.jpg,2
img_3207.jpg,9
img_4568.jpg,0
img_1410.jpg,5
img_1376.jpg,0
img_396.jpg,1
img_3561.jpg,9
img_5110.jpg,4
img_382.jpg,5
img_3575.jpg,5
img_5104.jpg,6
img_1362.jpg,8
img_1404.jpg,2
img_78.jpg,9
img_3213.jpg,5
img_50.jpg,7
img_2125.jpg,5
img_4554.jpg,5
img_4232.jpg,8
img_2643.jpg,2
img_4226.jpg,8
img_3549.jpg,1
img_2657.jpg,4
img_5138.jpg,1
img_44.jpg,9
img_2131.jpg,2
img_4540.jpg,5
img_1438.jpg,4
img_433.jpg,5
img_2864.jpg,1
img_355.jpg,5
img_2870.jpg,2
img_341.jpg,6
img_427.jpg,4
img_4597.jpg,1
img_93.jpg,6
img_1389.jpg,8
img_2680.jpg,6
img_2858.jpg,6
img_369.jpg,1
img_2694.jpg,0
img_4583.jpg,2
img_87.jpg,4
img_423.jpg,6
img_2874.jpg,3
img_345.jpg,6
img_2860.jpg,3
img_351.jpg,6
img_437.jpg,3
img_83.jpg,1
img_4587.jpg,1
img_1399.jpg,7
img_2848.jpg,1
img_379.jpg,3
img_2690.jpg,3
img_2684.jpg,6
img_97.jpg,3
img_4593.jpg,4
img_3217.jpg,6
img_4578.jpg,7
img_2109.jpg,8
img_1400.jpg,4
img_1366.jpg,4
img_5100.jpg,1
img_3571.jpg,6
img_386.jpg,6
img_5114.jpg,8
img_3565.jpg,6
img_392.jpg,7
img_1372.jpg,7
img_1414.jpg,1
img_3203.jpg,4
img_68.jpg,9
img_4544.jpg,7
img_40.jpg,6
img_2135.jpg,7
img_2653.jpg,1
img_4222.jpg,5
img_2647.jpg,8
img_5128.jpg,9
img_4236.jpg,0
img_3559.jpg,8
img_4550.jpg,1
img_54.jpg,3
img_2121.jpg,4
img_1428.jpg,0
img_3968.jpg,2
img_147.jpg,7
img_621.jpg,8
img_4961.jpg,1
img_1819.jpg,0
img_635.jpg,1
img_4975.jpg,7
img_153.jpg,5
img_3954.jpg,2
img_2492.jpg,5
img_1825.jpg,9
img_4785.jpg,9
img_4791.jpg,4
img_609.jpg,6
img_4949.jpg,9
img_1831.jpg,9
img_3940.jpg,2
img_2486.jpg,7
img_3798.jpg,7
img_184.jpg,2
img_3773.jpg,6
img_5302.jpg,1
img_1164.jpg,0
img_1602.jpg,7
img_3015.jpg,8
img_3001.jpg,6
img_1616.jpg,9
img_1170.jpg,5
img_190.jpg,0
img_3767.jpg,2
img_4008.jpg,4
img_5316.jpg,0
img_2479.jpg,0
img_1158.jpg,1
img_4020.jpg,6
img_3997.jpg,8
img_2451.jpg,0
img_2337.jpg,5
img_806.jpg,4
img_4746.jpg,9
img_3029.jpg,0
img_2323.jpg,2
img_812.jpg,4
img_4752.jpg,4
img_4034.jpg,7
img_3983.jpg,6
img_2445.jpg,2
img_4815.jpg,6
img_755.jpg,1
img_1979.jpg,3
img_999.jpg,2
img_4801.jpg,0
img_741.jpg,4
img_3808.jpg,6
img_4197.jpg,6
img_3820.jpg,0
img_5289.jpg,5
img_1951.jpg,7
img_1789.jpg,2
img_2280.jpg,7
img_4829.jpg,3
img_769.jpg,1
img_2294.jpg,1
img_1945.jpg,6
img_4183.jpg,3
img_3834.jpg,2
img_2519.jpg,8
img_5276.jpg,9
img_4168.jpg,2
img_3607.jpg,6
img_1010.jpg,9
img_1776.jpg,8
img_796.jpg,3
img_3161.jpg,5
img_782.jpg,6
img_3175.jpg,8
img_1762.jpg,6
img_1004.jpg,7
img_5262.jpg,9
img_3613.jpg,6
img_2525.jpg,5
img_4154.jpg,9
img_4632.jpg,0
img_972.jpg,2
img_2243.jpg,3
img_1992.jpg,8
img_1986.jpg,2
img_3149.jpg,0
img_4626.jpg,0
img_966.jpg,5
img_2257.jpg,4
img_2531.jpg,6
img_4140.jpg,9
img_1038.jpg,5
img_557.jpg,7
img_231.jpg,0
img_2900.jpg,3
img_225.jpg,2
img_2914.jpg,6
img_543.jpg,8
img_2082.jpg,1
img_4395.jpg,0
img_219.jpg,3
img_4381.jpg,3
img_2928.jpg,7
img_3388.jpg,4
img_2096.jpg,6
img_3363.jpg,7
img_594.jpg,5
img_1574.jpg,7
img_1212.jpg,7
img_3405.jpg,4
img_5074.jpg,4
img_3411.jpg,1
img_5060.jpg,5
img_1206.jpg,7
img_1560.jpg,0
img_2069.jpg,1
img_4418.jpg,7
img_3377.jpg,0
img_580.jpg,2
img_1548.jpg,7
img_2041.jpg,7
img_4430.jpg,3
img_3439.jpg,9
img_4356.jpg,9
img_5048.jpg,8
img_2727.jpg,0
img_4342.jpg,6
img_2733.jpg,9
img_2055.jpg,8
img_4424.jpg,3
img_2732.jpg,8
img_4343.jpg,9
img_4425.jpg,5
img_2054.jpg,5
img_4431.jpg,0
img_2040.jpg,2
img_1549.jpg,9
img_2726.jpg,5
img_5049.jpg,4
img_4357.jpg,6
img_3438.jpg,4
img_1207.jpg,9
img_5061.jpg,8
img_3410.jpg,9
img_581.jpg,5
img_3376.jpg,2
img_4419.jpg,8
img_2068.jpg,9
img_1561.jpg,5
img_1575.jpg,5
img_595.jpg,3
img_3362.jpg,5
img_5075.jpg,2
img_3404.jpg,0
img_1213.jpg,8
img_2929.jpg,3
img_4380.jpg,0
img_218.jpg,6
img_2097.jpg,2
img_3389.jpg,6
img_2083.jpg,6
img_4394.jpg,5
img_2915.jpg,7
img_224.jpg,2
img_542.jpg,2
img_556.jpg,0
img_2901.jpg,2
img_230.jpg,0
img_2256.jpg,1
img_967.jpg,1
img_4627.jpg,0
img_3148.jpg,3
img_1987.jpg,0
img_1039.jpg,2
img_4141.jpg,4
img_2530.jpg,6
img_4155.jpg,9
img_2524.jpg,0
img_1993.jpg,7
img_2242.jpg,9
img_973.jpg,9
img_4633.jpg,2
img_1763.jpg,7
img_3174.jpg,1
img_783.jpg,9
img_3612.jpg,0
img_5263.jpg,6
img_1005.jpg,1
img_1011.jpg,2
img_3606.jpg,2
img_4169.jpg,7
img_5277.jpg,7
img_2518.jpg,6
img_3160.jpg,1
img_797.jpg,1
img_1777.jpg,8
img_1944.jpg,7
img_2295.jpg,4
img_3835.jpg,7
img_4182.jpg,7
img_5288.jpg,5
img_3821.jpg,3
img_4196.jpg,5
img_768.jpg,5
img_4828.jpg,3
img_2281.jpg,9
img_1788.jpg,3
img_1950.jpg,0
img_740.jpg,5
img_4800.jpg,4
img_998.jpg,2
img_1978.jpg,9
img_3809.jpg,8
img_754.jpg,4
img_4814.jpg,0
img_4753.jpg,0
img_813.jpg,2
img_2322.jpg,4
img_2444.jpg,2
img_3982.jpg,7
img_4035.jpg,7
img_2450.jpg,1
img_3996.jpg,5
img_4021.jpg,6
img_1159.jpg,8
img_3028.jpg,1
img_4747.jpg,9
img_807.jpg,9
img_2336.jpg,7
img_1617.jpg,3
img_3000.jpg,2
img_2478.jpg,4
img_5317.jpg,6
img_4009.jpg,0
img_3766.jpg,2
img_191.jpg,6
img_1171.jpg,8
img_1165.jpg,6
img_5303.jpg,3
img_3772.jpg,5
img_185.jpg,4
img_3014.jpg,8
img_1603.jpg,7
img_1830.jpg,5
img_4948.jpg,4
img_608.jpg,5
img_4790.jpg,5
img_3799.jpg,7
img_2487.jpg,9
img_3941.jpg,2
img_2493.jpg,6
img_3955.jpg,2
img_4784.jpg,5
img_1824.jpg,3
img_4974.jpg,7
img_634.jpg,6
img_152.jpg,3
img_146.jpg,8
img_3969.jpg,8
img_1818.jpg,6
img_4960.jpg,0
img_620.jpg,9
img_3558.jpg,5
img_4237.jpg,1
img_5129.jpg,1
img_2646.jpg,2
img_1429.jpg,8
img_2120.jpg,1
img_55.jpg,8
img_4551.jpg,0
img_2134.jpg,5
img_41.jpg,7
img_4545.jpg,6
img_4223.jpg,2
img_2652.jpg,0
img_1373.jpg,6
img_393.jpg,9
img_3564.jpg,3
img_5115.jpg,5
img_69.jpg,0
img_3202.jpg,7
img_1415.jpg,1
img_1401.jpg,1
img_2108.jpg,5
img_4579.jpg,0
img_3216.jpg,2
img_387.jpg,2
img_3570.jpg,2
img_5101.jpg,9
img_1367.jpg,5
img_2685.jpg,7
img_4592.jpg,8
img_96.jpg,4
img_4586.jpg,3
img_82.jpg,4
img_2691.jpg,2
img_378.jpg,5
img_2849.jpg,9
img_1398.jpg,2
img_350.jpg,2
img_2861.jpg,3
img_436.jpg,1
img_422.jpg,6
img_344.jpg,8
img_2875.jpg,9
img_434.jpg,2
img_2863.jpg,0
img_352.jpg,7
img_2877.jpg,4
img_346.jpg,0
img_420.jpg,5
img_94.jpg,6
img_408.jpg,3
img_4590.jpg,6
img_3599.jpg,4
img_2687.jpg,1
img_2693.jpg,4
img_80.jpg,3
img_4584.jpg,0
img_1417.jpg,7
img_3200.jpg,8
img_2678.jpg,5
img_5117.jpg,4
img_4209.jpg,1
img_391.jpg,1
img_3566.jpg,1
img_1371.jpg,6
img_1365.jpg,8
img_5103.jpg,6
img_385.jpg,2
img_3572.jpg,3
img_3214.jpg,0
img_1403.jpg,8
img_4553.jpg,3
img_57.jpg,1
img_2122.jpg,2
img_2644.jpg,2
img_4235.jpg,4
img_2650.jpg,4
img_2888.jpg,6
img_4221.jpg,5
img_1359.jpg,1
img_3228.jpg,3
img_4547.jpg,8
img_43.jpg,4
img_2136.jpg,6
img_150.jpg,8
img_636.jpg,4
img_4976.jpg,1
img_622.jpg,5
img_4962.jpg,0
img_144.jpg,5
img_3943.jpg,0
img_2485.jpg,1
img_4792.jpg,1
img_1832.jpg,6
img_1826.jpg,9
img_4786.jpg,3
img_3957.jpg,6
img_2491.jpg,1
img_178.jpg,4
img_1198.jpg,2
img_1173.jpg,9
img_3764.jpg,1
img_193.jpg,4
img_5315.jpg,3
img_3002.jpg,9
img_1615.jpg,1
img_1601.jpg,8
img_2308.jpg,3
img_839.jpg,5
img_4779.jpg,3
img_3016.jpg,4
img_3770.jpg,4
img_187.jpg,2
img_5301.jpg,0
img_1167.jpg,1
img_3758.jpg,1
img_4037.jpg,8
img_5329.jpg,1
img_3980.jpg,1
img_2446.jpg,3
img_1629.jpg,6
img_4989.jpg,2
img_2320.jpg,2
img_811.jpg,5
img_4751.jpg,7
img_2334.jpg,9
img_805.jpg,1
img_4745.jpg,0
img_4023.jpg,4
img_3994.jpg,2
img_2452.jpg,8
img_4802.jpg,8
img_742.jpg,4
img_4816.jpg,0
img_756.jpg,4
img_4180.jpg,1
img_3837.jpg,9
img_2297.jpg,6
img_3189.jpg,7
img_1946.jpg,5
img_1952.jpg,4
img_2283.jpg,3
img_4194.jpg,0
img_3823.jpg,8
img_1007.jpg,4
img_5261.jpg,0
img_3610.jpg,2
img_3176.jpg,5
img_781.jpg,1
img_4619.jpg,9
img_959.jpg,0
img_2268.jpg,4
img_1761.jpg,8
img_1775.jpg,3
img_3162.jpg,2
img_795.jpg,4
img_5275.jpg,2
img_3604.jpg,5
img_1013.jpg,3
img_2532.jpg,4
img_4143.jpg,9
img_1985.jpg,0
img_4625.jpg,7
img_965.jpg,9
img_2254.jpg,6
img_4631.jpg,7
img_971.jpg,3
img_2240.jpg,0
img_1749.jpg,0
img_1991.jpg,9
img_2526.jpg,0
img_5249.jpg,4
img_4157.jpg,9
img_3638.jpg,4
img_540.jpg,3
img_226.jpg,0
img_2917.jpg,3
img_232.jpg,4
img_2903.jpg,1
img_554.jpg,5
img_2095.jpg,9
img_4382.jpg,8
img_5088.jpg,7
img_4396.jpg,4
img_568.jpg,1
img_2081.jpg,2
img_1588.jpg,4
img_1563.jpg,8
img_583.jpg,7
img_3374.jpg,7
img_3412.jpg,2
img_5063.jpg,3
img_1205.jpg,1
img_1211.jpg,4
img_3406.jpg,5
img_4369.jpg,7
img_5077.jpg,6
img_2718.jpg,8
img_597.jpg,6
img_3360.jpg,5
img_1577.jpg,6
img_2056.jpg,8
img_4427.jpg,3
img_3348.jpg,5
img_1239.jpg,4
img_4341.jpg,5
img_2730.jpg,5
img_4355.jpg,9
img_2724.jpg,8
img_2042.jpg,7
img_4433.jpg,2
img_2725.jpg,5
img_4354.jpg,9
img_4432.jpg,8
img_2043.jpg,3
img_3349.jpg,2
img_4426.jpg,4
img_2057.jpg,9
img_2731.jpg,6
img_4340.jpg,3
img_1238.jpg,5
img_2719.jpg,6
img_5076.jpg,0
img_4368.jpg,9
img_3407.jpg,9
img_1210.jpg,0
img_1576.jpg,2
img_3361.jpg,3
img_596.jpg,6
img_3375.jpg,6
img_582.jpg,1
img_1562.jpg,9
img_1204.jpg,0
img_5062.jpg,6
img_3413.jpg,4
img_4397.jpg,8
img_5089.jpg,1
img_1589.jpg,0
img_2080.jpg,8
img_569.jpg,1
img_2094.jpg,3
img_4383.jpg,4
img_2902.jpg,3
img_233.jpg,9
img_555.jpg,0
img_541.jpg,0
img_2916.jpg,4
img_227.jpg,4
img_1990.jpg,5
img_1748.jpg,0
img_2241.jpg,8
img_970.jpg,5
img_4630.jpg,4
img_3639.jpg,1
img_4156.jpg,7
img_5248.jpg,8
img_2527.jpg,3
img_4142.jpg,3
img_2533.jpg,1
img_2255.jpg,9
img_964.jpg,0
img_4624.jpg,4
img_1984.jpg,4
img_794.jpg,0
img_3163.jpg,3
img_1774.jpg,5
img_1012.jpg,6
img_3605.jpg,0
img_5274.jpg,1
img_3611.jpg,6
img_5260.jpg,3
img_1006.jpg,3
img_1760.jpg,2
img_2269.jpg,2
img_958.jpg,3
img_4618.jpg,6
img_780.jpg,1
img_3177.jpg,6
img_2282.jpg,0
img_1953.jpg,5
img_3822.jpg,8
img_4195.jpg,6
img_3836.jpg,7
img_4181.jpg,4
img_1947.jpg,8
img_3188.jpg,8
img_2296.jpg,3
img_757.jpg,7
img_4817.jpg,2
img_743.jpg,3
img_4803.jpg,1
img_4744.jpg,8
img_804.jpg,3
img_2335.jpg,8
img_2453.jpg,3
img_3995.jpg,6
img_4022.jpg,1
img_2447.jpg,3
img_3981.jpg,4
img_5328.jpg,4
img_4036.jpg,8
img_3759.jpg,4
img_4750.jpg,3
img_810.jpg,1
img_2321.jpg,6
img_4988.jpg,7
img_1628.jpg,6
img_3017.jpg,7
img_4778.jpg,5
img_838.jpg,1
img_2309.jpg,1
img_1600.jpg,5
img_1166.jpg,4
img_5300.jpg,3
img_186.jpg,9
img_3771.jpg,1
img_5314.jpg,8
img_192.jpg,1
img_3765.jpg,6
img_1172.jpg,2
img_1614.jpg,3
img_3003.jpg,9
img_4787.jpg,5
img_1827.jpg,3
img_1199.jpg,5
img_179.jpg,1
img_2490.jpg,6
img_3956.jpg,1
img_2484.jpg,5
img_3942.jpg,8
img_1833.jpg,8
img_4793.jpg,7
img_4963.jpg,8
img_623.jpg,9
img_145.jpg,5
img_151.jpg,4
img_4977.jpg,5
img_637.jpg,7
img_1358.jpg,2
img_4220.jpg,9
img_2889.jpg,8
img_2651.jpg,1
img_2137.jpg,8
img_42.jpg,7
img_4546.jpg,9
img_3229.jpg,9
img_2123.jpg,6
img_56.jpg,2
img_4552.jpg,3
img_4234.jpg,9
img_2645.jpg,7
img_3573.jpg,7
img_384.jpg,4
img_5102.jpg,8
img_1364.jpg,3
img_1402.jpg,5
img_3215.jpg,4
img_3201.jpg,8
img_1416.jpg,3
img_1370.jpg,1
img_3567.jpg,7
img_390.jpg,7
img_4208.jpg,1
img_5116.jpg,1
img_2679.jpg,2
img_2692.jpg,5
img_4585.jpg,1
img_81.jpg,5
img_4591.jpg,6
img_409.jpg,8
img_95.jpg,1
img_2686.jpg,4
img_3598.jpg,0
img_347.jpg,6
img_2876.jpg,0
img_421.jpg,9
img_435.jpg,0
img_353.jpg,7
img_2862.jpg,8
img_2187.jpg,9
img_3299.jpg,5
img_308.jpg,1
img_4290.jpg,8
img_2839.jpg,5
img_4284.jpg,6
img_2193.jpg,4
img_452.jpg,7
img_334.jpg,3
img_2805.jpg,8
img_320.jpg,8
img_2811.jpg,8
img_446.jpg,4
img_4535.jpg,2
img_2144.jpg,2
img_31.jpg,7
img_2622.jpg,2
img_4253.jpg,6
img_5159.jpg,4
img_2636.jpg,9
img_3528.jpg,8
img_4247.jpg,1
img_4521.jpg,0
img_2150.jpg,4
img_25.jpg,7
img_1459.jpg,0
img_4509.jpg,0
img_3266.jpg,6
img_491.jpg,7
img_2178.jpg,2
img_1471.jpg,1
img_1317.jpg,2
img_5171.jpg,3
img_3500.jpg,9
img_5165.jpg,0
img_3514.jpg,0
img_1303.jpg,1
img_1465.jpg,2
img_3272.jpg,2
img_485.jpg,7
img_19.jpg,9
img_3925.jpg,0
img_4092.jpg,6
img_1854.jpg,4
img_2385.jpg,3
img_678.jpg,2
img_2391.jpg,7
img_4938.jpg,1
img_1698.jpg,5
img_1840.jpg,6
img_3931.jpg,2
img_4086.jpg,4
img_3919.jpg,7
img_136.jpg,0
img_650.jpg,8
img_888.jpg,5
img_4910.jpg,3
img_1868.jpg,8
img_644.jpg,6
img_4904.jpg,0
img_122.jpg,7
img_1129.jpg,1
img_4051.jpg,3
img_2420.jpg,2
img_877.jpg,1
img_2346.jpg,9
img_3058.jpg,0
img_4737.jpg,8
img_1897.jpg,1
img_1883.jpg,9
img_863.jpg,1
img_2352.jpg,4
img_4723.jpg,7
img_4045.jpg,9
img_2434.jpg,3
img_3702.jpg,1
img_5373.jpg,8
img_1115.jpg,0
img_1673.jpg,4
img_693.jpg,0
img_3064.jpg,9
img_687.jpg,4
img_3070.jpg,8
img_1667.jpg,6
img_1101.jpg,4
img_4079.jpg,6
img_3716.jpg,8
img_2408.jpg,9
img_5367.jpg,1
img_3689.jpg,7
img_3851.jpg,0
img_2597.jpg,8
img_1920.jpg,9
img_4858.jpg,2
img_4680.jpg,7
img_718.jpg,3
img_4694.jpg,7
img_1934.jpg,5
img_3845.jpg,9
img_2583.jpg,8
img_4864.jpg,8
img_724.jpg,0
img_1908.jpg,5
img_4870.jpg,2
img_730.jpg,5
img_3879.jpg,4
img_3892.jpg,3
img_2554.jpg,7
img_4125.jpg,4
img_4643.jpg,1
img_2232.jpg,2
img_903.jpg,5
img_4657.jpg,1
img_3138.jpg,8
img_2226.jpg,1
img_917.jpg,4
img_3886.jpg,6
img_2540.jpg,1
img_4131.jpg,1
img_1049.jpg,6
img_5207.jpg,3
img_2568.jpg,9
img_3676.jpg,9
img_4119.jpg,2
img_1061.jpg,0
img_1707.jpg,0
img_3110.jpg,9
img_3104.jpg,5
img_1713.jpg,5
img_1075.jpg,9
img_5213.jpg,1
img_3662.jpg,6
img_4482.jpg,6
img_2795.jpg,1
img_2781.jpg,8
img_8.jpg,3
img_2959.jpg,1
img_268.jpg,8
img_1288.jpg,3
img_4496.jpg,6
img_526.jpg,1
img_2971.jpg,2
img_240.jpg,6
img_2965.jpg,5
img_254.jpg,3
img_532.jpg,5
img_1539.jpg,0
img_2030.jpg,9
img_4441.jpg,8
img_4327.jpg,9
img_3448.jpg,0
img_2756.jpg,3
img_5039.jpg,3
img_4333.jpg,4
img_2742.jpg,7
img_2024.jpg,6
img_4455.jpg,9
img_3312.jpg,8
img_1505.jpg,8
img_1263.jpg,4
img_3474.jpg,1
img_283.jpg,2
img_5005.jpg,0
img_3460.jpg,8
img_297.jpg,3
img_5011.jpg,7
img_1277.jpg,0
img_1511.jpg,7
img_2018.jpg,8
img_3306.jpg,1
img_4469.jpg,6
img_1276.jpg,4
img_5010.jpg,9
img_296.jpg,6
img_3461.jpg,8
img_4468.jpg,1
img_3307.jpg,3
img_2019.jpg,4
img_1510.jpg,0
img_1504.jpg,0
img_3313.jpg,7
img_5004.jpg,1
img_282.jpg,9
img_3475.jpg,8
img_1262.jpg,7
img_2743.jpg,8
img_4332.jpg,3
img_4454.jpg,3
img_2025.jpg,2
img_4440.jpg,1
img_2031.jpg,6
img_1538.jpg,9
img_5038.jpg,9
img_2757.jpg,0
img_3449.jpg,5
img_4326.jpg,7
img_255.jpg,8
img_2964.jpg,0
img_533.jpg,3
img_527.jpg,0
img_241.jpg,8
img_2970.jpg,2
img_1289.jpg,3
img_269.jpg,3
img_2958.jpg,6
img_9.jpg,0
img_2780.jpg,1
img_4497.jpg,1
img_4483.jpg,6
img_2794.jpg,5
img_1712.jpg,1
img_3105.jpg,5
img_3663.jpg,8
img_5212.jpg,5
img_1074.jpg,6
img_1060.jpg,3
img_4118.jpg,7
img_3677.jpg,9
img_2569.jpg,9
img_5206.jpg,1
img_3111.jpg,3
img_1706.jpg,3
img_916.jpg,6
img_2227.jpg,2
img_3139.jpg,8
img_4656.jpg,1
img_1048.jpg,7
img_4130.jpg,1
img_2541.jpg,1
img_3887.jpg,2
img_4124.jpg,8
img_2555.jpg,8
img_3893.jpg,9
img_902.jpg,3
img_2233.jpg,2
img_4642.jpg,1
img_731.jpg,7
img_4871.jpg,8
img_1909.jpg,9
img_3878.jpg,0
img_725.jpg,1
img_4865.jpg,1
img_1935.jpg,6
img_4695.jpg,0
img_2582.jpg,9
img_3844.jpg,3
img_2596.jpg,8
img_3850.jpg,0
img_3688.jpg,6
img_719.jpg,7
img_4681.jpg,1
img_4859.jpg,3
img_1921.jpg,0
img_1666.jpg,3
img_3071.jpg,7
img_686.jpg,3
img_5366.jpg,9
img_2409.jpg,5
img_3717.jpg,1
img_4078.jpg,1
img_1100.jpg,3
img_1114.jpg,1
img_5372.jpg,4
img_3703.jpg,3
img_3065.jpg,2
img_692.jpg,6
img_1672.jpg,5
img_4722.jpg,7
img_2353.jpg,9
img_862.jpg,4
img_1882.jpg,4
img_2435.jpg,3
img_4044.jpg,1
img_2421.jpg,5
img_4050.jpg,1
img_1128.jpg,6
img_1896.jpg,6
img_4736.jpg,9
img_3059.jpg,0
img_2347.jpg,9
img_876.jpg,3
img_4905.jpg,4
img_645.jpg,7
img_123.jpg,2
img_137.jpg,3
img_3918.jpg,2
img_1869.jpg,8
img_4911.jpg,3
img_889.jpg,4
img_651.jpg,4
img_1841.jpg,6
img_1699.jpg,9
img_4939.jpg,4
img_2390.jpg,8
img_679.jpg,6
img_4087.jpg,0
img_3930.jpg,2
img_4093.jpg,2
img_3924.jpg,9
img_2384.jpg,6
img_1855.jpg,7
img_1302.jpg,6
img_3515.jpg,8
img_5164.jpg,3
img_18.jpg,1
img_484.jpg,2
img_3273.jpg,5
img_1464.jpg,6
img_1470.jpg,3
img_2179.jpg,7
img_490.jpg,7
img_3267.jpg,1
img_4508.jpg,7
img_3501.jpg,8
img_5170.jpg,5
img_1316.jpg,6
img_4246.jpg,4
img_3529.jpg,7
img_2637.jpg,9
img_5158.jpg,5
img_1458.jpg,7
img_24.jpg,5
img_2151.jpg,7
img_4520.jpg,7
img_30.jpg,7
img_2145.jpg,5
img_4534.jpg,2
img_4252.jpg,4
img_2623.jpg,1
img_2810.jpg,4
img_321.jpg,4
img_447.jpg,1
img_453.jpg,6
img_2804.jpg,0
img_335.jpg,0
img_4285.jpg,9
img_2192.jpg,9
img_3298.jpg,8
img_2186.jpg,8
img_2838.jpg,5
img_4291.jpg,3
img_309.jpg,4
img_1499.jpg,0
img_2190.jpg,4
img_479.jpg,1
img_4287.jpg,1
img_5199.jpg,0
img_4293.jpg,2
img_2184.jpg,4
img_445.jpg,4
img_323.jpg,1
img_2812.jpg,1
img_337.jpg,0
img_2806.jpg,2
img_451.jpg,9
img_4522.jpg,1
img_2153.jpg,3
img_26.jpg,4
img_2635.jpg,4
img_4244.jpg,0
img_2621.jpg,5
img_4250.jpg,3
img_1328.jpg,6
img_4536.jpg,0
img_3259.jpg,7
img_2147.jpg,0
img_32.jpg,5
img_1466.jpg,5
img_486.jpg,9
img_3271.jpg,9
img_5166.jpg,0
img_2609.jpg,6
img_3517.jpg,5
img_4278.jpg,8
img_1300.jpg,6
img_1314.jpg,5
img_5172.jpg,7
img_3503.jpg,6
img_492.jpg,4
img_3265.jpg,0
img_1472.jpg,0
img_3932.jpg,0
img_4085.jpg,3
img_2392.jpg,0
img_1843.jpg,4
img_1857.jpg,3
img_3098.jpg,9
img_2386.jpg,4
img_3926.jpg,8
img_4091.jpg,8
img_109.jpg,0
img_121.jpg,3
img_647.jpg,4
img_4907.jpg,1
img_653.jpg,0
img_4913.jpg,3
img_135.jpg,0
img_4046.jpg,5
img_3729.jpg,1
img_2437.jpg,5
img_5358.jpg,5
img_1880.jpg,7
img_1658.jpg,2
img_860.jpg,5
img_2351.jpg,9
img_4720.jpg,0
img_874.jpg,2
img_2345.jpg,6
img_4734.jpg,5
img_1894.jpg,5
img_4052.jpg,2
img_2423.jpg,0
img_1102.jpg,2
img_3715.jpg,3
img_5364.jpg,1
img_3073.jpg,5
img_684.jpg,8
img_1664.jpg,1
img_1670.jpg,8
img_848.jpg,2
img_2379.jpg,6
img_3067.jpg,5
img_690.jpg,9
img_4708.jpg,4
img_3701.jpg,5
img_5370.jpg,4
img_1116.jpg,5
img_1089.jpg,3
img_3846.jpg,4
img_2580.jpg,1
img_4697.jpg,1
img_1937.jpg,3
img_1923.jpg,9
img_4683.jpg,9
img_3852.jpg,0
img_2594.jpg,7
img_4873.jpg,4
img_733.jpg,3
img_4867.jpg,2
img_727.jpg,6
img_3885.jpg,1
img_2543.jpg,0
img_4132.jpg,2
img_4654.jpg,7
img_2225.jpg,0
img_914.jpg,7
img_4640.jpg,6
img_4898.jpg,4
img_2231.jpg,4
img_900.jpg,1
img_1738.jpg,5
img_5238.jpg,2
img_3891.jpg,4
img_2557.jpg,7
img_3649.jpg,0
img_4126.jpg,0
img_1076.jpg,2
img_5210.jpg,2
img_3661.jpg,8
img_4668.jpg,4
img_3107.jpg,7
img_2219.jpg,7
img_928.jpg,6
img_1710.jpg,7
img_1704.jpg,9
img_3113.jpg,8
img_5204.jpg,6
img_3675.jpg,0
img_1062.jpg,0
img_4495.jpg,7
img_2782.jpg,1
img_2796.jpg,9
img_3488.jpg,8
img_519.jpg,4
img_4481.jpg,9
img_531.jpg,0
img_2966.jpg,6
img_257.jpg,5
img_2972.jpg,2
img_243.jpg,2
img_525.jpg,7
img_2027.jpg,7
img_3339.jpg,1
img_4456.jpg,0
img_1248.jpg,4
img_2999.jpg,0
img_4330.jpg,9
img_2741.jpg,7
img_4324.jpg,2
img_2755.jpg,6
img_2033.jpg,2
img_4442.jpg,7
img_1512.jpg,3
img_3305.jpg,2
img_294.jpg,9
img_3463.jpg,4
img_5012.jpg,9
img_1274.jpg,0
img_1260.jpg,5
img_4318.jpg,6
img_280.jpg,4
img_3477.jpg,3
img_2769.jpg,3
img_5006.jpg,4
img_3311.jpg,7
img_1506.jpg,6
img_5007.jpg,3
img_2768.jpg,2
img_3476.jpg,1
img_281.jpg,0
img_4319.jpg,5
img_1261.jpg,1
img_1507.jpg,0
img_3310.jpg,3
img_3304.jpg,6
img_1513.jpg,6
img_1275.jpg,0
img_5013.jpg,3
img_3462.jpg,3
img_295.jpg,9
img_2754.jpg,9
img_4325.jpg,3
img_4443.jpg,6
img_2032.jpg,5
img_4457.jpg,7
img_3338.jpg,2
img_2026.jpg,6
img_2740.jpg,3
img_4331.jpg,8
img_2998.jpg,6
img_1249.jpg,3
img_242.jpg,6
img_2973.jpg,9
img_524.jpg,7
img_530.jpg,7
img_256.jpg,4
img_2967.jpg,9
img_3489.jpg,6
img_2797.jpg,6
img_4480.jpg,6
img_518.jpg,7
img_4494.jpg,0
img_2783.jpg,1
img_3112.jpg,6
img_1705.jpg,5
img_1063.jpg,6
img_3674.jpg,2
img_5205.jpg,7
img_3660.jpg,6
img_5211.jpg,3
img_1077.jpg,6
img_1711.jpg,7
img_929.jpg,6
img_2218.jpg,3
img_3106.jpg,2
img_4669.jpg,7
img_1739.jpg,1
img_901.jpg,5
img_2230.jpg,1
img_4899.jpg,0
img_4641.jpg,1
img_4127.jpg,2
img_3648.jpg,9
img_2556.jpg,8
img_3890.jpg,3
img_5239.jpg,3
img_4133.jpg,2
img_2542.jpg,3
img_3884.jpg,4
img_915.jpg,1
img_2224.jpg,4
img_4655.jpg,1
img_726.jpg,0
img_4866.jpg,9
img_732.jpg,1
img_4872.jpg,9
img_4682.jpg,7
img_1922.jpg,6
img_2595.jpg,4
img_3853.jpg,3
img_2581.jpg,8
img_3847.jpg,4
img_1088.jpg,6
img_1936.jpg,1
img_4696.jpg,0
img_4709.jpg,9
img_691.jpg,2
img_3066.jpg,8
img_2378.jpg,7
img_849.jpg,8
img_1671.jpg,8
img_1117.jpg,2
img_5371.jpg,5
img_3700.jpg,9
img_5365.jpg,5
img_3714.jpg,0
img_1103.jpg,9
img_1665.jpg,3
img_685.jpg,1
img_3072.jpg,9
img_1895.jpg,0
img_4735.jpg,0
img_2344.jpg,3
img_875.jpg,3
img_2422.jpg,5
img_4053.jpg,3
img_5359.jpg,9
img_2436.jpg,3
img_3728.jpg,5
img_4047.jpg,4
img_4721.jpg,2
img_2350.jpg,0
img_861.jpg,0
img_1659.jpg,4
img_1881.jpg,4
img_4912.jpg,4
img_652.jpg,8
img_134.jpg,0
img_120.jpg,3
img_4906.jpg,8
img_646.jpg,2
img_2387.jpg,8
img_3099.jpg,3
img_1856.jpg,4
img_108.jpg,5
img_4090.jpg,2
img_3927.jpg,5
img_4084.jpg,1
img_3933.jpg,2
img_1842.jpg,2
img_2393.jpg,0
img_3502.jpg,4
img_5173.jpg,6
img_1315.jpg,9
img_1473.jpg,6
img_3264.jpg,2
img_493.jpg,2
img_3270.jpg,0
img_487.jpg,4
img_1467.jpg,3
img_1301.jpg,6
img_4279.jpg,7
img_3516.jpg,9
img_2608.jpg,1
img_5167.jpg,5
img_1329.jpg,8
img_4251.jpg,2
img_2620.jpg,3
img_33.jpg,4
img_2146.jpg,0
img_3258.jpg,9
img_4537.jpg,7
img_27.jpg,2
img_2152.jpg,0
img_4523.jpg,6
img_4245.jpg,8
img_2634.jpg,9
img_2807.jpg,0
img_336.jpg,9
img_450.jpg,9
img_444.jpg,4
img_2813.jpg,9
img_322.jpg,1
img_4292.jpg,4
img_2185.jpg,6
img_478.jpg,3
img_2191.jpg,7
img_1498.jpg,6
img_5198.jpg,0
img_4286.jpg,4
img_2817.jpg,1
img_326.jpg,4
img_440.jpg,0
img_454.jpg,9
img_2803.jpg,4
img_332.jpg,3
img_4282.jpg,4
img_2195.jpg,4
img_2181.jpg,4
img_468.jpg,4
img_1488.jpg,5
img_4296.jpg,8
img_5188.jpg,7
img_5163.jpg,5
img_3512.jpg,0
img_1305.jpg,4
img_1463.jpg,3
img_483.jpg,1
img_3274.jpg,5
img_497.jpg,6
img_3260.jpg,1
img_1477.jpg,2
img_1311.jpg,6
img_2618.jpg,1
img_5177.jpg,5
img_4269.jpg,4
img_3506.jpg,8
img_1339.jpg,8
img_2630.jpg,4
img_4241.jpg,4
img_3248.jpg,2
img_4527.jpg,8
img_23.jpg,1
img_2156.jpg,0
img_4533.jpg,0
img_37.jpg,5
img_2142.jpg,1
img_2624.jpg,6
img_4255.jpg,0
img_642.jpg,9
img_4902.jpg,4
img_124.jpg,8
img_130.jpg,4
img_656.jpg,2
img_4916.jpg,7
img_3089.jpg,3
img_2397.jpg,6
img_1846.jpg,2
img_3937.jpg,0
img_118.jpg,1
img_4080.jpg,6
img_3923.jpg,1
img_4094.jpg,7
img_1852.jpg,8
img_2383.jpg,6
img_2368.jpg,8
img_859.jpg,4
img_4719.jpg,0
img_3076.jpg,0
img_681.jpg,6
img_1661.jpg,1
img_1107.jpg,0
img_3710.jpg,2
img_5361.jpg,4
img_3704.jpg,9
img_5375.jpg,1
img_1113.jpg,4
img_1675.jpg,9
img_3062.jpg,9
img_695.jpg,8
img_1885.jpg,0
img_2354.jpg,7
img_865.jpg,2
img_4725.jpg,8
img_4043.jpg,1
img_2432.jpg,0
img_3738.jpg,7
img_4057.jpg,8
img_5349.jpg,1
img_2426.jpg,9
img_2340.jpg,9
img_871.jpg,4
img_4731.jpg,9
img_1891.jpg,9
img_1649.jpg,0
img_4876.jpg,0
img_736.jpg,7
img_4862.jpg,6
img_722.jpg,3
img_4692.jpg,6
img_1932.jpg,8
img_2585.jpg,7
img_3843.jpg,4
img_2591.jpg,9
img_3857.jpg,3
img_1098.jpg,3
img_1926.jpg,2
img_4686.jpg,8
img_3102.jpg,6
img_1715.jpg,4
img_1073.jpg,7
img_5215.jpg,6
img_3664.jpg,4
img_5201.jpg,6
img_3670.jpg,6
img_1067.jpg,7
img_1701.jpg,2
img_3116.jpg,5
img_4679.jpg,3
img_939.jpg,9
img_2208.jpg,6
img_1729.jpg,5
img_4651.jpg,2
img_911.jpg,2
img_4889.jpg,3
img_2220.jpg,7
img_2546.jpg,5
img_5229.jpg,6
img_3880.jpg,6
img_4137.jpg,1
img_3658.jpg,1
img_2552.jpg,6
img_3894.jpg,0
img_4123.jpg,2
img_4645.jpg,8
img_905.jpg,9
img_2234.jpg,1
img_252.jpg,7
img_2963.jpg,7
img_534.jpg,8
img_520.jpg,3
img_246.jpg,5
img_2977.jpg,1
img_2787.jpg,6
img_3499.jpg,3
img_4490.jpg,8
img_508.jpg,3
img_4484.jpg,9
img_2793.jpg,7
img_291.jpg,5
img_3466.jpg,3
img_4309.jpg,1
img_5017.jpg,4
img_2778.jpg,0
img_1271.jpg,1
img_1517.jpg,1
img_3300.jpg,6
img_3314.jpg,8
img_1503.jpg,8
img_1265.jpg,2
img_285.jpg,5
img_3472.jpg,1
img_5003.jpg,0
img_4335.jpg,1
img_2744.jpg,7
img_2022.jpg,9
img_4453.jpg,2
img_2036.jpg,5
img_4447.jpg,1
img_3328.jpg,0
img_2988.jpg,2
img_4321.jpg,8
img_2750.jpg,5
img_1259.jpg,5
img_3329.jpg,3
img_4446.jpg,4
img_2037.jpg,6
img_1258.jpg,6
img_2751.jpg,4
img_4320.jpg,5
img_2989.jpg,7
img_2745.jpg,4
img_4334.jpg,5
img_4452.jpg,1
img_2023.jpg,4
img_1502.jpg,1
img_3315.jpg,2
img_5002.jpg,8
img_3473.jpg,0
img_284.jpg,0
img_1264.jpg,2
img_1270.jpg,1
img_2779.jpg,6
img_5016.jpg,3
img_4308.jpg,5
img_3467.jpg,2
img_290.jpg,9
img_3301.jpg,1
img_1516.jpg,3
img_4485.jpg,8
img_2792.jpg,6
img_3498.jpg,0
img_2786.jpg,2
img_509.jpg,0
img_4491.jpg,6
img_521.jpg,6
img_2976.jpg,5
img_247.jpg,4
img_2962.jpg,2
img_253.jpg,1
img_535.jpg,3
img_4122.jpg,2
img_3895.jpg,1
img_2553.jpg,8
img_2235.jpg,1
img_904.jpg,7
img_4644.jpg,4
img_2221.jpg,1
img_4888.jpg,4
img_910.jpg,7
img_4650.jpg,2
img_1728.jpg,6
img_3659.jpg,4
img_4136.jpg,0
img_3881.jpg,0
img_5228.jpg,2
img_2547.jpg,0
img_1066.jpg,4
img_3671.jpg,7
img_5200.jpg,7
img_2209.jpg,6
img_938.jpg,7
img_4678.jpg,4
img_3117.jpg,8
img_1700.jpg,0
img_1714.jpg,4
img_3103.jpg,8
img_3665.jpg,9
img_5214.jpg,8
img_1072.jpg,8
img_1099.jpg,3
img_3856.jpg,4
img_2590.jpg,2
img_4687.jpg,6
img_1927.jpg,1
img_1933.jpg,6
img_4693.jpg,8
img_3842.jpg,7
img_2584.jpg,5
img_723.jpg,1
img_4863.jpg,3
img_737.jpg,1
img_4877.jpg,2
img_2427.jpg,4
img_5348.jpg,3
img_4056.jpg,3
img_3739.jpg,3
img_1648.jpg,1
img_1890.jpg,6
img_4730.jpg,1
img_870.jpg,3
img_2341.jpg,4
img_4724.jpg,8
img_864.jpg,4
img_2355.jpg,4
img_1884.jpg,3
img_2433.jpg,0
img_4042.jpg,8
img_1112.jpg,2
img_5374.jpg,7
img_3705.jpg,6
img_694.jpg,1
img_3063.jpg,2
img_1674.jpg,5
img_1660.jpg,8
img_680.jpg,0
img_3077.jpg,2
img_4718.jpg,4
img_858.jpg,3
img_2369.jpg,0
img_5360.jpg,2
img_3711.jpg,7
img_1106.jpg,2
img_4095.jpg,4
img_3922.jpg,2
img_2382.jpg,3
img_1853.jpg,8
img_1847.jpg,7
img_2396.jpg,1
img_3088.jpg,2
img_4081.jpg,2
img_119.jpg,3
img_3936.jpg,4
img_131.jpg,3
img_4917.jpg,9
img_657.jpg,4
img_4903.jpg,0
img_643.jpg,9
img_125.jpg,6
img_2143.jpg,5
img_36.jpg,2
img_4532.jpg,1
img_4254.jpg,9
img_2625.jpg,4
img_4240.jpg,1
img_2631.jpg,6
img_1338.jpg,5
img_2157.jpg,5
img_22.jpg,1
img_4526.jpg,4
img_3249.jpg,2
img_1476.jpg,3
img_3261.jpg,8
img_496.jpg,7
img_3507.jpg,9
img_4268.jpg,8
img_5176.jpg,6
img_2619.jpg,3
img_1310.jpg,4
img_1304.jpg,1
img_3513.jpg,2
img_5162.jpg,3
img_3275.jpg,3
img_482.jpg,8
img_1462.jpg,3
img_1489.jpg,9
img_469.jpg,4
img_2180.jpg,4
img_5189.jpg,1
img_4297.jpg,7
img_4283.jpg,7
img_2194.jpg,7
img_455.jpg,5
img_333.jpg,1
img_2802.jpg,4
img_327.jpg,5
img_2816.jpg,5
img_441.jpg,8
img_2800.jpg,6
img_331.jpg,6
img_457.jpg,2
img_443.jpg,7
img_2814.jpg,2
img_325.jpg,8
img_4295.jpg,1
img_2182.jpg,6
img_2196.jpg,8
img_3288.jpg,4
img_4281.jpg,4
img_2828.jpg,1
img_319.jpg,1
img_1312.jpg,7
img_5174.jpg,5
img_3505.jpg,6
img_3263.jpg,9
img_494.jpg,4
img_1474.jpg,5
img_1460.jpg,8
img_3277.jpg,0
img_480.jpg,0
img_4518.jpg,5
img_2169.jpg,6
img_5160.jpg,9
img_3511.jpg,8
img_1306.jpg,0
img_2627.jpg,9
img_5148.jpg,5
img_4256.jpg,6
img_3539.jpg,9
img_1448.jpg,4
img_4530.jpg,9
img_34.jpg,2
img_2141.jpg,6
img_4524.jpg,6
img_20.jpg,0
img_2155.jpg,5
img_2633.jpg,5
img_4242.jpg,3
img_655.jpg,8
img_4915.jpg,0
img_133.jpg,6
img_3908.jpg,5
img_127.jpg,8
img_1879.jpg,2
img_641.jpg,0
img_4901.jpg,9
img_899.jpg,1
img_1689.jpg,3
img_1851.jpg,5
img_669.jpg,3
img_2380.jpg,7
img_4929.jpg,8
img_3920.jpg,3
img_4097.jpg,5
img_3934.jpg,7
img_4083.jpg,9
img_2394.jpg,7
img_1845.jpg,0
img_1676.jpg,8
img_696.jpg,4
img_3061.jpg,7
img_3707.jpg,7
img_4068.jpg,2
img_5376.jpg,3
img_2419.jpg,2
img_1110.jpg,6
img_1104.jpg,1
img_3713.jpg,9
img_5362.jpg,0
img_682.jpg,9
img_3075.jpg,3
img_1662.jpg,3
img_2343.jpg,7
img_872.jpg,5
img_4732.jpg,7
img_1892.jpg,7
img_4054.jpg,6
img_2425.jpg,5
img_4040.jpg,2
img_2431.jpg,5
img_1138.jpg,7
img_1886.jpg,4
img_2357.jpg,7
img_866.jpg,3
img_4726.jpg,7
img_3049.jpg,2
img_4861.jpg,0
img_721.jpg,9
img_1919.jpg,8
img_3868.jpg,9
img_4875.jpg,6
img_735.jpg,7
img_1925.jpg,4
img_4685.jpg,8
img_2592.jpg,3
img_3854.jpg,1
img_3698.jpg,5
img_2586.jpg,7
img_3840.jpg,7
img_4849.jpg,0
img_709.jpg,6
img_4691.jpg,5
img_1931.jpg,8
img_1702.jpg,8
img_3115.jpg,2
img_5202.jpg,8
img_3673.jpg,4
img_1064.jpg,0
img_1070.jpg,9
img_2579.jpg,0
img_5216.jpg,1
img_4108.jpg,2
img_3667.jpg,1
img_3101.jpg,2
img_1716.jpg,9
img_3129.jpg,8
img_4646.jpg,7
img_906.jpg,7
img_2237.jpg,9
img_1058.jpg,3
img_2551.jpg,3
img_3897.jpg,8
img_4120.jpg,7
img_2545.jpg,1
img_3883.jpg,1
img_4134.jpg,2
img_4652.jpg,8
img_912.jpg,0
img_2223.jpg,5
img_245.jpg,5
img_2974.jpg,7
img_523.jpg,0
img_537.jpg,6
img_251.jpg,9
img_2960.jpg,6
img_1299.jpg,3
img_2790.jpg,9
img_279.jpg,8
img_2948.jpg,9
img_4487.jpg,7
img_4493.jpg,8
img_2784.jpg,8
img_1266.jpg,1
img_3471.jpg,8
img_286.jpg,3
img_5000.jpg,3
img_2009.jpg,7
img_4478.jpg,1
img_3317.jpg,5
img_1500.jpg,3
img_1514.jpg,9
img_3303.jpg,8
img_3465.jpg,9
img_292.jpg,7
img_5014.jpg,6
img_1272.jpg,8
img_4322.jpg,1
img_2753.jpg,1
img_2035.jpg,8
img_4444.jpg,5
img_2021.jpg,0
img_4450.jpg,9
img_1528.jpg,3
img_3459.jpg,0
img_4336.jpg,9
img_5028.jpg,7
img_2747.jpg,0
img_1529.jpg,2
img_4451.jpg,1
img_2020.jpg,7
img_2746.jpg,7
img_5029.jpg,5
img_4337.jpg,9
img_3458.jpg,1
img_2752.jpg,5
img_4323.jpg,9
img_4445.jpg,5
img_2034.jpg,5
img_3302.jpg,4
img_1515.jpg,2
img_1273.jpg,1
img_5015.jpg,2
img_293.jpg,7
img_3464.jpg,9
img_5001.jpg,1
img_287.jpg,7
img_3470.jpg,6
img_1267.jpg,9
img_1501.jpg,0
img_3316.jpg,1
img_4479.jpg,8
img_2008.jpg,9
img_4492.jpg,7
img_2785.jpg,2
img_2949.jpg,7
img_278.jpg,5
img_2791.jpg,7
img_1298.jpg,6
img_4486.jpg,1
img_536.jpg,5
img_2961.jpg,5
img_250.jpg,8
img_2975.jpg,9
img_244.jpg,8
img_522.jpg,9
img_4135.jpg,3
img_3882.jpg,5
img_2544.jpg,1
img_2222.jpg,5
img_913.jpg,4
img_4653.jpg,5
img_2236.jpg,7
img_907.jpg,8
img_4647.jpg,9
img_3128.jpg,0
img_4121.jpg,3
img_3896.jpg,4
img_2550.jpg,7
img_1059.jpg,6
img_3666.jpg,7
img_4109.jpg,8
img_5217.jpg,7
img_2578.jpg,3
img_1071.jpg,0
img_1717.jpg,7
img_3100.jpg,1
img_3114.jpg,8
img_1703.jpg,0
img_1065.jpg,9
img_3672.jpg,9
img_5203.jpg,8
img_3841.jpg,1
img_2587.jpg,3
img_3699.jpg,3
img_1930.jpg,4
img_4690.jpg,4
img_708.jpg,4
img_4848.jpg,0
img_4684.jpg,2
img_1924.jpg,2
img_3855.jpg,1
img_2593.jpg,0
img_734.jpg,2
img_4874.jpg,3
img_1918.jpg,0
img_720.jpg,8
img_4860.jpg,2
img_3869.jpg,1
img_1139.jpg,7
img_2430.jpg,2
img_4041.jpg,7
img_3048.jpg,8
img_4727.jpg,4
img_867.jpg,6
img_2356.jpg,1
img_1887.jpg,5
img_1893.jpg,6
img_4733.jpg,4
img_873.jpg,4
img_2342.jpg,6
img_2424.jpg,0
img_4055.jpg,3
img_5363.jpg,5
img_3712.jpg,6
img_1105.jpg,8
img_1663.jpg,6
img_3074.jpg,7
img_683.jpg,8
img_3060.jpg,9
img_697.jpg,3
img_1677.jpg,2
img_1111.jpg,7
img_2418.jpg,4
img_5377.jpg,3
img_4069.jpg,0
img_3706.jpg,9
img_4082.jpg,4
img_3935.jpg,0
img_1844.jpg,3
img_2395.jpg,7
img_4928.jpg,9
img_2381.jpg,5
img_668.jpg,3
img_1850.jpg,8
img_1688.jpg,3
img_4096.jpg,7
img_3921.jpg,0
img_126.jpg,3
img_3909.jpg,2
img_898.jpg,4
img_4900.jpg,1
img_640.jpg,3
img_1878.jpg,7
img_4914.jpg,7
img_654.jpg,2
img_132.jpg,5
img_2154.jpg,6
img_21.jpg,9
img_4525.jpg,1
img_4243.jpg,2
img_2632.jpg,4
img_3538.jpg,4
img_4257.jpg,1
img_5149.jpg,2
img_2626.jpg,1
img_2140.jpg,6
img_35.jpg,6
img_4531.jpg,5
img_1449.jpg,9
img_2168.jpg,1
img_4519.jpg,1
img_481.jpg,4
img_3276.jpg,4
img_1461.jpg,5
img_1307.jpg,7
img_3510.jpg,1
img_5161.jpg,3
img_3504.jpg,3
img_5175.jpg,9
img_1313.jpg,9
img_1475.jpg,9
img_495.jpg,6
img_3262.jpg,9
img_3289.jpg,0
img_2197.jpg,5
img_318.jpg,4
img_2829.jpg,4
img_4280.jpg,8
img_4294.jpg,4
img_2183.jpg,0
img_442.jpg,4
img_324.jpg,9
img_2815.jpg,9
img_330.jpg,3
img_2801.jpg,4
img_456.jpg,9
